{
    "基础信息": {
        "住院号": 554477,
        "条码号": 20528629000,
        "序号": 1002
    },
    "图片路径": "../acute_arms/1002.png",
    "临床": {
        "发热": 1,
        "关节及骨骼痛": 1,
        "出血": 0,
        "贫血": 0,
        "器官肿大": 0,
        "中枢神经系统症状": 0,
        "腹痛": 0,
        "咳嗽": 0,
        "皮疹": 0
    },
    "生化": {
        "乳酸脱氢酶LDH": 11520.0,
        "铁蛋白Fer": 3603.8
    },
    "血常规报告参数": {
        "性别(男1女2）": 2.0,
        "年龄": 8.7,
        "WBC(109/L)": 25.84,
        "RBC(1012/L)": 2.01,
        "HGB(g/L)": 53.0,
        "HCT(％）": 17.4,
        "MCV(fL)": 86.6,
        "MCH(pg)": 26.4,
        "MCHC(g/L)": 305.0,
        "PLT(109/L)": 14.0,
        "RDW-SD(fL)": 51.3,
        "RDW-CV(％）": 17.2,
        "PDW（fL)": 11.718354,
        "MPV(fL)": 10.420886,
        "P-LCR(％）": 27.943037,
        "PCT(％）": 0.12753165,
        "NRBC﹟(109/L)": 0.49,
        "NRBC％（/100WBC)": 1.9,
        "NEUT％": 13.3,
        "LYMPH％": 66.01167,
        "MONO％": 13.67052,
        "EO％": 0.4,
        "BASO％": 0.3,
        "IG﹟(109/L)": 0.49,
        "IG％": 1.2
    },
    "淋巴类别": {
        "Blasts/Abn Ly": 300.0,
        "Atypical": 90.0,
        "Atypical.1": 0.0,
        "Blasts": 0.0,
        "Abn Ly": 270.0
    },
    "血常规通道参数": {
        "WNR-X": 183.2,
        "WNR-Y": 99.9,
        "WNR-Z": 90.8,
        "WPC-X": 66.5,
        "WPC-Y": 177.3,
        "WPC-Z": 86.3,
        "HFLC%": 0.5,
        "WBC": 25.71,
        "NE-SSC": 149.4,
        "NE-SFL": 50.6,
        "NE-FSC": 86.6,
        "LY-X": 85.1,
        "LY-Y": 65.6,
        "LY-Z": 61.6,
        "MO-X": 107.5,
        "MO-Y": 103.7,
        "MO-Z": 69.8,
        "NE-WX": 375.0,
        "NE-WY": 1067.0,
        "NE-WZ": 727.0,
        "LY-WX": 529.0,
        "LY-WY": 991.0,
        "LY-WZ": 601.0,
        "MO-WX": 316.0,
        "MO-WY": 1061.0,
        "MO-WZ": 817.0
    },
    "镜检": 55,
    "label": 0
}