{
    "基础信息": {
        "住院号": 553337,
        "条码号": 20523233500,
        "序号": 1004
    },
    "图片路径": "../acute_arms/1004.png",
    "临床": {
        "发热": 1,
        "关节及骨骼痛": 0,
        "出血": 1,
        "贫血": 0,
        "器官肿大": 0,
        "中枢神经系统症状": 1,
        "腹痛": 0,
        "咳嗽": 0,
        "皮疹": 0
    },
    "生化": {
        "乳酸脱氢酶LDH": 524.0,
        "铁蛋白Fer": 933.02454
    },
    "血常规报告参数": {
        "性别(男1女2）": 1.0,
        "年龄": 4.9,
        "WBC(109/L)": 24.77,
        "RBC(1012/L)": 2.73,
        "HGB(g/L)": 77.0,
        "HCT(％）": 25.2,
        "MCV(fL)": 92.3,
        "MCH(pg)": 28.2,
        "MCHC(g/L)": 306.0,
        "PLT(109/L)": 17.0,
        "RDW-SD(fL)": 46.5,
        "RDW-CV(％）": 13.7,
        "PDW（fL)": 14.2,
        "MPV(fL)": 11.0,
        "P-LCR(％）": 36.0,
        "PCT(％）": 0.02,
        "NRBC﹟(109/L)": 0.22,
        "NRBC％（/100WBC)": 0.9,
        "NEUT％": 18.289114,
        "LYMPH％": 12.1,
        "MONO％": 13.67052,
        "EO％": 0.2,
        "BASO％": 0.2,
        "IG﹟(109/L)": 0.28725663,
        "IG％": 1.1150442
    },
    "淋巴类别": {
        "Blasts/Abn Ly": 300.0,
        "Atypical": 300.0,
        "Atypical.1": 0.0,
        "Blasts": 0.0,
        "Abn Ly": 280.0
    },
    "血常规通道参数": {
        "WNR-X": 181.9,
        "WNR-Y": 94.1,
        "WNR-Z": 105.3,
        "WPC-X": 73.3,
        "WPC-Y": 169.4,
        "WPC-Z": 88.2,
        "HFLC%": 0.0,
        "WBC": 23.98,
        "NE-SSC": 160.1,
        "NE-SFL": 56.9,
        "NE-FSC": 89.8,
        "LY-X": 81.2,
        "LY-Y": 63.8,
        "LY-Z": 59.8,
        "MO-X": 145.5,
        "MO-Y": 104.9,
        "MO-Z": 67.1,
        "NE-WX": 425.0,
        "NE-WY": 1317.0,
        "NE-WZ": 857.0,
        "LY-WX": 517.0,
        "LY-WY": 1144.0,
        "LY-WZ": 552.0,
        "MO-WX": 330.0,
        "MO-WY": 1440.0,
        "MO-WZ": 820.0
    },
    "镜检": 11,
    "label": 0
}