{
    "基础信息": {
        "住院号": 557240,
        "条码号": 20544568200,
        "序号": 1011
    },
    "图片路径": "../acute_arms/1011.png",
    "临床": {
        "发热": 0,
        "关节及骨骼痛": 0,
        "出血": 0,
        "贫血": 0,
        "器官肿大": 1,
        "中枢神经系统症状": 0,
        "腹痛": 1,
        "咳嗽": 0,
        "皮疹": 0
    },
    "生化": {
        "乳酸脱氢酶LDH": 455.0,
        "铁蛋白Fer": 933.02454
    },
    "血常规报告参数": {
        "性别(男1女2）": 2.0,
        "年龄": 5.0,
        "WBC(109/L)": 4.3,
        "RBC(1012/L)": 4.0,
        "HGB(g/L)": 115.0,
        "HCT(％）": 34.1,
        "MCV(fL)": 85.3,
        "MCH(pg)": 28.8,
        "MCHC(g/L)": 337.0,
        "PLT(109/L)": 79.0,
        "RDW-SD(fL)": 41.8,
        "RDW-CV(％）": 13.7,
        "PDW（fL)": 11.8,
        "MPV(fL)": 11.9,
        "P-LCR(％）": 36.5,
        "PCT(％）": 0.09,
        "NRBC﹟(109/L)": 0.01,
        "NRBC％（/100WBC)": 0.2,
        "NEUT％": 24.0,
        "LYMPH％": 69.1,
        "MONO％": 6.5,
        "EO％": 0.2,
        "BASO％": 0.2,
        "IG﹟(109/L)": 0.05,
        "IG％": 1.2
    },
    "淋巴类别": {
        "Blasts/Abn Ly": 180.0,
        "Atypical": 0.0,
        "Atypical.1": 180.0,
        "Blasts": 180.0,
        "Abn Ly": 180.0
    },
    "血常规通道参数": {
        "WNR-X": 160.2,
        "WNR-Y": 107.1,
        "WNR-Z": 85.6,
        "WPC-X": 70.35796460176992,
        "WPC-Y": 167.4270353982301,
        "WPC-Z": 86.76327433628319,
        "HFLC%": 0.0,
        "WBC": 4.45,
        "NE-SSC": 157.0,
        "NE-SFL": 54.5,
        "NE-FSC": 88.1,
        "LY-X": 76.2,
        "LY-Y": 69.0,
        "LY-Z": 58.6,
        "MO-X": 110.4,
        "MO-Y": 120.7,
        "MO-Z": 76.8,
        "NE-WX": 338.0,
        "NE-WY": 752.0,
        "NE-WZ": 568.0,
        "LY-WX": 578.0,
        "LY-WY": 928.0,
        "LY-WZ": 494.0,
        "MO-WX": 507.0,
        "MO-WY": 754.0,
        "MO-WZ": 625.0
    },
    "镜检": 2,
    "label": 0
}