{
    "基础信息": {
        "住院号": 558925,
        "条码号": 20554442700,
        "序号": 1017
    },
    "图片路径": "../acute_arms/1017.png",
    "临床": {
        "发热": 0,
        "关节及骨骼痛": 0,
        "出血": 1,
        "贫血": 0,
        "器官肿大": 1,
        "中枢神经系统症状": 0,
        "腹痛": 0,
        "咳嗽": 0,
        "皮疹": 0
    },
    "生化": {
        "乳酸脱氢酶LDH": 1476.0,
        "铁蛋白Fer": 348.17
    },
    "血常规报告参数": {
        "性别(男1女2）": 2.0,
        "年龄": 4.0,
        "WBC(109/L)": 24.06,
        "RBC(1012/L)": 1.01,
        "HGB(g/L)": 26.0,
        "HCT(％）": 8.6,
        "MCV(fL)": 85.1,
        "MCH(pg)": 25.7,
        "MCHC(g/L)": 302.0,
        "PLT(109/L)": 5.0,
        "RDW-SD(fL)": 42.9,
        "RDW-CV(％）": 14.4,
        "PDW（fL)": 9.1,
        "MPV(fL)": 7.9,
        "P-LCR(％）": 8.9,
        "PCT(％）": 0.0,
        "NRBC﹟(109/L)": 0.02,
        "NRBC％（/100WBC)": 0.1,
        "NEUT％": 12.6,
        "LYMPH％": 66.01167,
        "MONO％": 13.67052,
        "EO％": 0.0,
        "BASO％": 0.0,
        "IG﹟(109/L)": 0.07,
        "IG％": 0.3
    },
    "淋巴类别": {
        "Blasts/Abn Ly": 280.0,
        "Atypical": 0.0,
        "Atypical.1": 52.25941422594142,
        "Blasts": 69.35344827586206,
        "Abn Ly": 164.82608695652175
    },
    "血常规通道参数": {
        "WNR-X": 202.6,
        "WNR-Y": 90.7,
        "WNR-Z": 98.6,
        "WPC-X": 71.3,
        "WPC-Y": 175.1,
        "WPC-Z": 88.5,
        "HFLC%": 0.9,
        "WBC": 24.06,
        "NE-SSC": 148.8,
        "NE-SFL": 53.5,
        "NE-FSC": 82.6,
        "LY-X": 90.9,
        "LY-Y": 73.6,
        "LY-Z": 62.5,
        "MO-X": 109.1,
        "MO-Y": 112.4,
        "MO-Z": 69.1,
        "NE-WX": 437.0,
        "NE-WY": 1028.0,
        "NE-WZ": 774.0,
        "LY-WX": 495.0,
        "LY-WY": 1114.0,
        "LY-WZ": 544.0,
        "MO-WX": 330.0,
        "MO-WY": 996.0,
        "MO-WZ": 521.0
    },
    "镜检": 72,
    "label": 0
}