{
    "基础信息": {
        "住院号": 562798,
        "条码号": 20580665600,
        "序号": 1022
    },
    "图片路径": "../acute_arms/1022.png",
    "临床": {
        "发热": 1,
        "关节及骨骼痛": 0,
        "出血": 0,
        "贫血": 1,
        "器官肿大": 0,
        "中枢神经系统症状": 0,
        "腹痛": 0,
        "咳嗽": 0,
        "皮疹": 0
    },
    "生化": {
        "乳酸脱氢酶LDH": 470.0,
        "铁蛋白Fer": 740.89
    },
    "血常规报告参数": {
        "性别(男1女2）": 2.0,
        "年龄": 4.9,
        "WBC(109/L)": 31.57,
        "RBC(1012/L)": 3.44,
        "HGB(g/L)": 87.0,
        "HCT(％）": 26.8,
        "MCV(fL)": 77.9,
        "MCH(pg)": 25.3,
        "MCHC(g/L)": 325.0,
        "PLT(109/L)": 19.0,
        "RDW-SD(fL)": 49.2,
        "RDW-CV(％）": 17.5,
        "PDW（fL)": 11.718354,
        "MPV(fL)": 10.420886,
        "P-LCR(％）": 27.943037,
        "PCT(％）": 0.12753165,
        "NRBC﹟(109/L)": 0.04,
        "NRBC％（/100WBC)": 0.1,
        "NEUT％": 4.8,
        "LYMPH％": 66.01167,
        "MONO％": 13.67052,
        "EO％": 0.0,
        "BASO％": 0.1,
        "IG﹟(109/L)": 0.07,
        "IG％": 0.2
    },
    "淋巴类别": {
        "Blasts/Abn Ly": 270.0,
        "Atypical": 40.0,
        "Atypical.1": 30.0,
        "Blasts": 260.0,
        "Abn Ly": 0.0
    },
    "血常规通道参数": {
        "WNR-X": 172.3,
        "WNR-Y": 100.5,
        "WNR-Z": 90.3,
        "WPC-X": 63.0,
        "WPC-Y": 129.7,
        "WPC-Z": 92.6,
        "HFLC%": 0.3,
        "WBC": 31.57,
        "NE-SSC": 146.8,
        "NE-SFL": 49.4,
        "NE-FSC": 85.5,
        "LY-X": 87.3,
        "LY-Y": 67.4,
        "LY-Z": 59.0,
        "MO-X": 104.8,
        "MO-Y": 98.1,
        "MO-Z": 63.8,
        "NE-WX": 307.0,
        "NE-WY": 830.0,
        "NE-WZ": 550.0,
        "LY-WX": 424.0,
        "LY-WY": 860.0,
        "LY-WZ": 526.0,
        "MO-WX": 248.0,
        "MO-WY": 948.0,
        "MO-WZ": 721.0
    },
    "镜检": 73,
    "label": 0
}