{
    "基础信息": {
        "住院号": 563666,
        "条码号": 20592105300,
        "序号": 1026
    },
    "图片路径": "../acute_arms/1026.png",
    "临床": {
        "发热": 1,
        "关节及骨骼痛": 0,
        "出血": 1,
        "贫血": 0,
        "器官肿大": 0,
        "中枢神经系统症状": 0,
        "腹痛": 0,
        "咳嗽": 0,
        "皮疹": 0
    },
    "生化": {
        "乳酸脱氢酶LDH": 1139.0,
        "铁蛋白Fer": 306.3
    },
    "血常规报告参数": {
        "性别(男1女2）": 1.0,
        "年龄": 2.0,
        "WBC(109/L)": 2.09,
        "RBC(1012/L)": 2.96,
        "HGB(g/L)": 81.0,
        "HCT(％）": 23.4,
        "MCV(fL)": 79.1,
        "MCH(pg)": 27.4,
        "MCHC(g/L)": 346.0,
        "PLT(109/L)": 19.0,
        "RDW-SD(fL)": 45.1,
        "RDW-CV(％）": 15.6,
        "PDW（fL)": 11.6,
        "MPV(fL)": 9.5,
        "P-LCR(％）": 25.2,
        "PCT(％）": 0.02,
        "NRBC﹟(109/L)": 0.0,
        "NRBC％（/100WBC)": 0.0,
        "NEUT％": 6.2,
        "LYMPH％": 81.8,
        "MONO％": 12.0,
        "EO％": 0.0,
        "BASO％": 0.0,
        "IG﹟(109/L)": 0.01,
        "IG％": 0.5
    },
    "淋巴类别": {
        "Blasts/Abn Ly": 190.0,
        "Atypical": 20.0,
        "Atypical.1": 40.0,
        "Blasts": 130.0,
        "Abn Ly": 164.82608695652175
    },
    "血常规通道参数": {
        "WNR-X": 170.8,
        "WNR-Y": 104.6,
        "WNR-Z": 87.1,
        "WPC-X": 70.35796460176992,
        "WPC-Y": 167.4270353982301,
        "WPC-Z": 86.76327433628319,
        "HFLC%": 0.5,
        "WBC": 2.19,
        "NE-SSC": 139.9,
        "NE-SFL": 39.4,
        "NE-FSC": 75.8,
        "LY-X": 79.2,
        "LY-Y": 62.1,
        "LY-Z": 59.6,
        "MO-X": 107.8,
        "MO-Y": 97.5,
        "MO-Z": 66.7,
        "NE-WX": 150.0,
        "NE-WY": 533.0,
        "NE-WZ": 356.0,
        "LY-WX": 644.0,
        "LY-WY": 1063.0,
        "LY-WZ": 604.0,
        "MO-WX": 232.0,
        "MO-WY": 308.0,
        "MO-WZ": 495.0
    },
    "镜检": 10,
    "label": 0
}