{
    "基础信息": {
        "住院号": 536288,
        "条码号": 20617160700,
        "序号": 1028
    },
    "图片路径": "../acute_arms/1028.png",
    "临床": {
        "发热": 1,
        "关节及骨骼痛": 0,
        "出血": 0,
        "贫血": 0,
        "器官肿大": 0,
        "中枢神经系统症状": 0,
        "腹痛": 0,
        "咳嗽": 0,
        "皮疹": 0
    },
    "生化": {
        "乳酸脱氢酶LDH": 300.0,
        "铁蛋白Fer": 933.02454
    },
    "血常规报告参数": {
        "性别(男1女2）": 1.0,
        "年龄": 3.5,
        "WBC(109/L)": 4.67,
        "RBC(1012/L)": 2.66,
        "HGB(g/L)": 77.0,
        "HCT(％）": 24.1,
        "MCV(fL)": 90.6,
        "MCH(pg)": 28.9,
        "MCHC(g/L)": 320.0,
        "PLT(109/L)": 50.0,
        "RDW-SD(fL)": 49.1,
        "RDW-CV(％）": 14.9,
        "PDW（fL)": 11.718354,
        "MPV(fL)": 10.420886,
        "P-LCR(％）": 27.943037,
        "PCT(％）": 0.12753165,
        "NRBC﹟(109/L)": 0.23,
        "NRBC％（/100WBC)": 4.9,
        "NEUT％": 35.6,
        "LYMPH％": 24.2,
        "MONO％": 39.6,
        "EO％": 0.6982545,
        "BASO％": 0.6,
        "IG﹟(109/L)": 0.52,
        "IG％": 11.1
    },
    "淋巴类别": {
        "Blasts/Abn Ly": 246.08365019011407,
        "Atypical": 0.0,
        "Atypical.1": 52.25941422594142,
        "Blasts": 0.0,
        "Abn Ly": 100.0
    },
    "血常规通道参数": {
        "WNR-X": 175.57745454545454,
        "WNR-Y": 102.31530909090908,
        "WNR-Z": 91.47818181818182,
        "WPC-X": 70.35796460176992,
        "WPC-Y": 167.4270353982301,
        "WPC-Z": 86.76327433628319,
        "HFLC%": 0.7616788321167883,
        "WBC": 37.28638686131387,
        "NE-SSC": 148.98722627737226,
        "NE-SFL": 51.04927007299269,
        "NE-FSC": 82.5551094890511,
        "LY-X": 83.61240875912408,
        "LY-Y": 68.67043795620437,
        "LY-Z": 60.07445255474453,
        "MO-X": 111.63722627737226,
        "MO-Y": 109.82080291970804,
        "MO-Z": 67.57773722627736,
        "NE-WX": 373.1751824817519,
        "NE-WY": 990.4343065693432,
        "NE-WZ": 683.8722627737226,
        "LY-WX": 560.7189781021898,
        "LY-WY": 1032.9379562043796,
        "LY-WZ": 583.6094890510949,
        "MO-WX": 345.6094890510949,
        "MO-WY": 888.0948905109489,
        "MO-WZ": 687.3102189781022
    },
    "镜检": 4,
    "label": 0
}