{
    "基础信息": {
        "住院号": 501671,
        "条码号": 20635982500,
        "序号": 1031
    },
    "图片路径": "../acute_arms/1031.png",
    "临床": {
        "发热": 0,
        "关节及骨骼痛": 0,
        "出血": 0,
        "贫血": 0,
        "器官肿大": 0,
        "中枢神经系统症状": 0,
        "腹痛": 0,
        "咳嗽": 0,
        "皮疹": 0
    },
    "生化": {
        "乳酸脱氢酶LDH": 824.0,
        "铁蛋白Fer": 933.02454
    },
    "血常规报告参数": {
        "性别(男1女2）": 1.0,
        "年龄": 12.9,
        "WBC(109/L)": 14.35,
        "RBC(1012/L)": 3.91,
        "HGB(g/L)": 119.0,
        "HCT(％）": 36.4,
        "MCV(fL)": 93.1,
        "MCH(pg)": 30.4,
        "MCHC(g/L)": 327.0,
        "PLT(109/L)": 59.0,
        "RDW-SD(fL)": 56.7,
        "RDW-CV(％）": 17.0,
        "PDW（fL)": 11.718354,
        "MPV(fL)": 10.420886,
        "P-LCR(％）": 27.943037,
        "PCT(％）": 0.12753165,
        "NRBC﹟(109/L)": 0.06,
        "NRBC％（/100WBC)": 0.4,
        "NEUT％": 14.7,
        "LYMPH％": 66.01167,
        "MONO％": 13.67052,
        "EO％": 0.1,
        "BASO％": 0.3,
        "IG﹟(109/L)": 0.06,
        "IG％": 0.4
    },
    "淋巴类别": {
        "Blasts/Abn Ly": 300.0,
        "Atypical": 300.0,
        "Atypical.1": 0.0,
        "Blasts": 300.0,
        "Abn Ly": 0.0
    },
    "血常规通道参数": {
        "WNR-X": 172.4,
        "WNR-Y": 97.8,
        "WNR-Z": 97.2,
        "WPC-X": 72.1,
        "WPC-Y": 164.6,
        "WPC-Z": 86.6,
        "HFLC%": 0.1,
        "WBC": 13.73,
        "NE-SSC": 144.3,
        "NE-SFL": 42.8,
        "NE-FSC": 84.3,
        "LY-X": 90.2,
        "LY-Y": 69.8,
        "LY-Z": 63.6,
        "MO-X": 109.5,
        "MO-Y": 98.8,
        "MO-Z": 71.8,
        "NE-WX": 409.0,
        "NE-WY": 1308.0,
        "NE-WZ": 901.0,
        "LY-WX": 399.0,
        "LY-WY": 988.0,
        "LY-WZ": 676.0,
        "MO-WX": 402.0,
        "MO-WY": 1063.0,
        "MO-WZ": 711.0
    },
    "镜检": 67,
    "label": 0
}