{
    "基础信息": {
        "住院号": 571514,
        "条码号": 20643712000,
        "序号": 1032
    },
    "图片路径": "../acute_arms/1032.png",
    "临床": {
        "发热": 1,
        "关节及骨骼痛": 1,
        "出血": 0,
        "贫血": 0,
        "器官肿大": 0,
        "中枢神经系统症状": 0,
        "腹痛": 0,
        "咳嗽": 0,
        "皮疹": 0
    },
    "生化": {
        "乳酸脱氢酶LDH": 622.0,
        "铁蛋白Fer": 622.48
    },
    "血常规报告参数": {
        "性别(男1女2）": 1.0,
        "年龄": 3.7,
        "WBC(109/L)": 9.42,
        "RBC(1012/L)": 3.28,
        "HGB(g/L)": 87.0,
        "HCT(％）": 26.7,
        "MCV(fL)": 81.4,
        "MCH(pg)": 26.5,
        "MCHC(g/L)": 326.0,
        "PLT(109/L)": 379.0,
        "RDW-SD(fL)": 47.1,
        "RDW-CV(％）": 15.9,
        "PDW（fL)": 8.1,
        "MPV(fL)": 9.0,
        "P-LCR(％）": 14.2,
        "PCT(％）": 0.34,
        "NRBC﹟(109/L)": 0.02,
        "NRBC％（/100WBC)": 0.2,
        "NEUT％": 56.4,
        "LYMPH％": 37.7,
        "MONO％": 5.8,
        "EO％": 0.0,
        "BASO％": 0.1,
        "IG﹟(109/L)": 0.08,
        "IG％": 0.8
    },
    "淋巴类别": {
        "Blasts/Abn Ly": 0.0,
        "Atypical": 110.0,
        "Atypical.1": 52.25941422594142,
        "Blasts": 69.35344827586206,
        "Abn Ly": 164.82608695652175
    },
    "血常规通道参数": {
        "WNR-X": 175.57745454545454,
        "WNR-Y": 102.31530909090908,
        "WNR-Z": 91.47818181818182,
        "WPC-X": 70.35796460176992,
        "WPC-Y": 167.4270353982301,
        "WPC-Z": 86.76327433628319,
        "HFLC%": 0.7616788321167883,
        "WBC": 37.28638686131387,
        "NE-SSC": 148.98722627737226,
        "NE-SFL": 51.04927007299269,
        "NE-FSC": 82.5551094890511,
        "LY-X": 83.61240875912408,
        "LY-Y": 68.67043795620437,
        "LY-Z": 60.07445255474453,
        "MO-X": 111.63722627737226,
        "MO-Y": 109.82080291970804,
        "MO-Z": 67.57773722627736,
        "NE-WX": 373.1751824817519,
        "NE-WY": 990.4343065693432,
        "NE-WZ": 683.8722627737226,
        "LY-WX": 560.7189781021898,
        "LY-WY": 1032.9379562043796,
        "LY-WZ": 583.6094890510949,
        "MO-WX": 345.6094890510949,
        "MO-WY": 888.0948905109489,
        "MO-WZ": 687.3102189781022
    },
    "镜检": 1,
    "label": 0
}