{
    "基础信息": {
        "住院号": 578973,
        "条码号": 20713440900,
        "序号": 1039
    },
    "图片路径": "../acute_arms/1039.png",
    "临床": {
        "发热": 1,
        "关节及骨骼痛": 0,
        "出血": 0,
        "贫血": 0,
        "器官肿大": 0,
        "中枢神经系统症状": 0,
        "腹痛": 0,
        "咳嗽": 0,
        "皮疹": 0
    },
    "生化": {
        "乳酸脱氢酶LDH": 273.0,
        "铁蛋白Fer": 633.82
    },
    "血常规报告参数": {
        "性别(男1女2）": 2.0,
        "年龄": 0.2,
        "WBC(109/L)": 2.44,
        "RBC(1012/L)": 2.01,
        "HGB(g/L)": 61.0,
        "HCT(％）": 17.2,
        "MCV(fL)": 85.6,
        "MCH(pg)": 30.3,
        "MCHC(g/L)": 355.0,
        "PLT(109/L)": 160.0,
        "RDW-SD(fL)": 39.6,
        "RDW-CV(％）": 12.7,
        "PDW（fL)": 13.2,
        "MPV(fL)": 11.3,
        "P-LCR(％）": 35.0,
        "PCT(％）": 0.18,
        "NRBC﹟(109/L)": 0.02,
        "NRBC％（/100WBC)": 0.8,
        "NEUT％": 8.6,
        "LYMPH％": 74.2,
        "MONO％": 17.2,
        "EO％": 0.0,
        "BASO％": 0.0,
        "IG﹟(109/L)": 0.06,
        "IG％": 2.5
    },
    "淋巴类别": {
        "Blasts/Abn Ly": 260.0,
        "Atypical": 260.0,
        "Atypical.1": 52.25941422594142,
        "Blasts": 69.35344827586206,
        "Abn Ly": 164.82608695652175
    },
    "血常规通道参数": {
        "WNR-X": 186.2,
        "WNR-Y": 102.8,
        "WNR-Z": 90.4,
        "WPC-X": 70.35796460176992,
        "WPC-Y": 167.4270353982301,
        "WPC-Z": 86.76327433628319,
        "HFLC%": 0.0,
        "WBC": 2.44,
        "NE-SSC": 150.8,
        "NE-SFL": 25.5,
        "NE-FSC": 73.5,
        "LY-X": 83.6,
        "LY-Y": 71.4,
        "LY-Z": 60.8,
        "MO-X": 111.9,
        "MO-Y": 119.1,
        "MO-Z": 67.4,
        "NE-WX": 265.0,
        "NE-WY": 314.0,
        "NE-WZ": 354.0,
        "LY-WX": 574.0,
        "LY-WY": 1036.0,
        "LY-WZ": 560.0,
        "MO-WX": 366.0,
        "MO-WY": 915.0,
        "MO-WZ": 964.0
    },
    "镜检": 22,
    "label": 0
}