{
    "基础信息": {
        "住院号": 582924,
        "条码号": 20749619100,
        "序号": 1043
    },
    "图片路径": "../acute_arms/1043.png",
    "临床": {
        "发热": 1,
        "关节及骨骼痛": 1,
        "出血": 0,
        "贫血": 0,
        "器官肿大": 0,
        "中枢神经系统症状": 0,
        "腹痛": 0,
        "咳嗽": 0,
        "皮疹": 0
    },
    "生化": {
        "乳酸脱氢酶LDH": 260.0,
        "铁蛋白Fer": 541.77
    },
    "血常规报告参数": {
        "性别(男1女2）": 1.0,
        "年龄": 5.5,
        "WBC(109/L)": 4.4,
        "RBC(1012/L)": 3.25,
        "HGB(g/L)": 85.0,
        "HCT(％）": 26.4,
        "MCV(fL)": 81.2,
        "MCH(pg)": 26.2,
        "MCHC(g/L)": 322.0,
        "PLT(109/L)": 389.0,
        "RDW-SD(fL)": 50.2,
        "RDW-CV(％）": 17.9,
        "PDW（fL)": 13.4,
        "MPV(fL)": 12.4,
        "P-LCR(％）": 38.5,
        "PCT(％）": 0.48,
        "NRBC﹟(109/L)": 0.03,
        "NRBC％（/100WBC)": 0.7,
        "NEUT％": 35.4,
        "LYMPH％": 58.2,
        "MONO％": 4.8,
        "EO％": 1.4,
        "BASO％": 0.2,
        "IG﹟(109/L)": 0.03,
        "IG％": 0.7
    },
    "淋巴类别": {
        "Blasts/Abn Ly": 70.0,
        "Atypical": 0.0,
        "Atypical.1": 52.25941422594142,
        "Blasts": 69.35344827586206,
        "Abn Ly": 164.82608695652175
    },
    "血常规通道参数": {
        "WNR-X": 165.0,
        "WNR-Y": 100.3,
        "WNR-Z": 79.2,
        "WPC-X": 70.35796460176992,
        "WPC-Y": 167.4270353982301,
        "WPC-Z": 86.76327433628319,
        "HFLC%": 0.2,
        "WBC": 4.4,
        "NE-SSC": 151.4,
        "NE-SFL": 44.6,
        "NE-FSC": 95.3,
        "LY-X": 78.4,
        "LY-Y": 65.9,
        "LY-Z": 57.7,
        "MO-X": 119.9,
        "MO-Y": 110.2,
        "MO-Z": 61.6,
        "NE-WX": 363.0,
        "NE-WY": 696.0,
        "NE-WZ": 829.0,
        "LY-WX": 536.0,
        "LY-WY": 941.0,
        "LY-WZ": 468.0,
        "MO-WX": 317.0,
        "MO-WY": 526.0,
        "MO-WZ": 585.0
    },
    "镜检": 6,
    "label": 0
}