{
    "基础信息": {
        "住院号": 583388,
        "条码号": 20750844700,
        "序号": 1044
    },
    "图片路径": "../acute_arms/1044.png",
    "临床": {
        "发热": 1,
        "关节及骨骼痛": 1,
        "出血": 0,
        "贫血": 0,
        "器官肿大": 1,
        "中枢神经系统症状": 0,
        "腹痛": 0,
        "咳嗽": 0,
        "皮疹": 0
    },
    "生化": {
        "乳酸脱氢酶LDH": 3680.0,
        "铁蛋白Fer": 924.77
    },
    "血常规报告参数": {
        "性别(男1女2）": 2.0,
        "年龄": 5.3,
        "WBC(109/L)": 13.6,
        "RBC(1012/L)": 3.63,
        "HGB(g/L)": 93.0,
        "HCT(％）": 28.9,
        "MCV(fL)": 79.6,
        "MCH(pg)": 25.6,
        "MCHC(g/L)": 322.0,
        "PLT(109/L)": 91.0,
        "RDW-SD(fL)": 38.3,
        "RDW-CV(％）": 13.4,
        "PDW（fL)": 8.8,
        "MPV(fL)": 10.2,
        "P-LCR(％）": 24.2,
        "PCT(％）": 0.09,
        "NRBC﹟(109/L)": 0.59,
        "NRBC％（/100WBC)": 4.3,
        "NEUT％": 28.3,
        "LYMPH％": 50.5,
        "MONO％": 20.4,
        "EO％": 0.3,
        "BASO％": 0.5,
        "IG﹟(109/L)": 0.74,
        "IG％": 5.4
    },
    "淋巴类别": {
        "Blasts/Abn Ly": 300.0,
        "Atypical": 0.0,
        "Atypical.1": 52.25941422594142,
        "Blasts": 69.35344827586206,
        "Abn Ly": 164.82608695652175
    },
    "血常规通道参数": {
        "WNR-X": 170.8,
        "WNR-Y": 105.1,
        "WNR-Z": 92.5,
        "WPC-X": 70.35796460176992,
        "WPC-Y": 167.4270353982301,
        "WPC-Z": 86.76327433628319,
        "HFLC%": 0.5,
        "WBC": 22.97,
        "NE-SSC": 142.9,
        "NE-SFL": 48.3,
        "NE-FSC": 85.3,
        "LY-X": 77.7,
        "LY-Y": 60.4,
        "LY-Z": 58.0,
        "MO-X": 112.6,
        "MO-Y": 101.3,
        "MO-Z": 67.2,
        "NE-WX": 434.0,
        "NE-WY": 1140.0,
        "NE-WZ": 762.0,
        "LY-WX": 631.0,
        "LY-WY": 1241.0,
        "LY-WZ": 638.0,
        "MO-WX": 382.0,
        "MO-WY": 1461.0,
        "MO-WZ": 714.0
    },
    "镜检": 15,
    "label": 0
}