{
    "基础信息": {
        "住院号": 456446,
        "条码号": 20671170900,
        "序号": 1052
    },
    "图片路径": "../acute_arms/1052.png",
    "临床": {
        "发热": 1,
        "关节及骨骼痛": 0,
        "出血": 0,
        "贫血": 0,
        "器官肿大": 0,
        "中枢神经系统症状": 0,
        "腹痛": 0,
        "咳嗽": 0,
        "皮疹": 0
    },
    "生化": {
        "乳酸脱氢酶LDH": 354.0,
        "铁蛋白Fer": 933.02454
    },
    "血常规报告参数": {
        "性别(男1女2）": 1.0,
        "年龄": 6.7,
        "WBC(109/L)": 11.65,
        "RBC(1012/L)": 5.44,
        "HGB(g/L)": 157.0,
        "HCT(％）": 47.8,
        "MCV(fL)": 87.9,
        "MCH(pg)": 28.9,
        "MCHC(g/L)": 328.0,
        "PLT(109/L)": 55.0,
        "RDW-SD(fL)": 38.0,
        "RDW-CV(％）": 11.9,
        "PDW（fL)": 12.7,
        "MPV(fL)": 11.6,
        "P-LCR(％）": 34.8,
        "PCT(％）": 0.07,
        "NRBC﹟(109/L)": 0.01,
        "NRBC％（/100WBC)": 0.1,
        "NEUT％": 57.4,
        "LYMPH％": 33.6,
        "MONO％": 7.5,
        "EO％": 1.2,
        "BASO％": 0.3,
        "IG﹟(109/L)": 0.58,
        "IG％": 5.0
    },
    "淋巴类别": {
        "Blasts/Abn Ly": 246.08365019011407,
        "Atypical": 134.81203007518798,
        "Atypical.1": 0.0,
        "Blasts": 160.0,
        "Abn Ly": 0.0
    },
    "血常规通道参数": {
        "WNR-X": 154.7,
        "WNR-Y": 99.6,
        "WNR-Z": 84.9,
        "WPC-X": 70.35796460176992,
        "WPC-Y": 167.4270353982301,
        "WPC-Z": 86.76327433628319,
        "HFLC%": 0.2,
        "WBC": 11.19,
        "NE-SSC": 156.4,
        "NE-SFL": 43.5,
        "NE-FSC": 88.1,
        "LY-X": 74.5,
        "LY-Y": 56.5,
        "LY-Z": 55.9,
        "MO-X": 114.6,
        "MO-Y": 95.7,
        "MO-Z": 65.4,
        "NE-WX": 333.0,
        "NE-WY": 1012.0,
        "NE-WZ": 727.0,
        "LY-WX": 537.0,
        "LY-WY": 1044.0,
        "LY-WZ": 608.0,
        "MO-WX": 349.0,
        "MO-WY": 742.0,
        "MO-WZ": 612.0
    },
    "镜检": 4,
    "label": 0
}