{
    "基础信息": {
        "住院号": 577794,
        "条码号": 20701665600,
        "序号": 1074
    },
    "图片路径": "../acute_arms/1074.png",
    "临床": {
        "发热": 0,
        "关节及骨骼痛": 1,
        "出血": 1,
        "贫血": 1,
        "器官肿大": 0,
        "中枢神经系统症状": 0,
        "腹痛": 1,
        "咳嗽": 0,
        "皮疹": 0
    },
    "生化": {
        "乳酸脱氢酶LDH": 371.0,
        "铁蛋白Fer": 89.29
    },
    "血常规报告参数": {
        "性别(男1女2）": 2.0,
        "年龄": 9.2,
        "WBC(109/L)": 247.23,
        "RBC(1012/L)": 0.93,
        "HGB(g/L)": 31.0,
        "HCT(％）": 10.0,
        "MCV(fL)": 107.5,
        "MCH(pg)": 33.3,
        "MCHC(g/L)": 310.0,
        "PLT(109/L)": 38.0,
        "RDW-SD(fL)": 83.5,
        "RDW-CV(％）": 24.3,
        "PDW（fL)": 8.6,
        "MPV(fL)": 9.3,
        "P-LCR(％）": 19.2,
        "PCT(％）": 0.03,
        "NRBC﹟(109/L)": 0.25,
        "NRBC％（/100WBC)": 0.1,
        "NEUT％": 4.2,
        "LYMPH％": 88.9,
        "MONO％": 6.9,
        "EO％": 0.0,
        "BASO％": 0.0,
        "IG﹟(109/L)": 1.89,
        "IG％": 0.8
    },
    "淋巴类别": {
        "Blasts/Abn Ly": 300.0,
        "Atypical": 0.0,
        "Atypical.1": 52.25941422594142,
        "Blasts": 69.35344827586206,
        "Abn Ly": 164.82608695652175
    },
    "血常规通道参数": {
        "WNR-X": 193.3,
        "WNR-Y": 95.5,
        "WNR-Z": 87.7,
        "WPC-X": 70.35796460176992,
        "WPC-Y": 167.4270353982301,
        "WPC-Z": 86.76327433628319,
        "HFLC%": 0.2,
        "WBC": 274.23,
        "NE-SSC": 157.8,
        "NE-SFL": 47.7,
        "NE-FSC": 85.5,
        "LY-X": 83.8,
        "LY-Y": 59.2,
        "LY-Z": 56.6,
        "MO-X": 105.5,
        "MO-Y": 107.5,
        "MO-Z": 64.7,
        "NE-WX": 393.0,
        "NE-WY": 1804.0,
        "NE-WZ": 796.0,
        "LY-WX": 465.0,
        "LY-WY": 1115.0,
        "LY-WZ": 565.0,
        "MO-WX": 303.0,
        "MO-WY": 1051.0,
        "MO-WZ": 973.0
    },
    "镜检": 96,
    "label": 0
}