{
    "基础信息": {
        "住院号": 543045,
        "条码号": 20703043300,
        "序号": 1078
    },
    "图片路径": "../acute_arms/1078.png",
    "临床": {
        "发热": 0,
        "关节及骨骼痛": 1,
        "出血": 0,
        "贫血": 0,
        "器官肿大": 0,
        "中枢神经系统症状": 0,
        "腹痛": 1,
        "咳嗽": 0,
        "皮疹": 0
    },
    "生化": {
        "乳酸脱氢酶LDH": 244.0,
        "铁蛋白Fer": 933.02454
    },
    "血常规报告参数": {
        "性别(男1女2）": 1.0,
        "年龄": 4.2,
        "WBC(109/L)": 2.57,
        "RBC(1012/L)": 2.54,
        "HGB(g/L)": 83.0,
        "HCT(％）": 25.2,
        "MCV(fL)": 99.2,
        "MCH(pg)": 32.7,
        "MCHC(g/L)": 329.0,
        "PLT(109/L)": 197.0,
        "RDW-SD(fL)": 56.8,
        "RDW-CV(％）": 15.9,
        "PDW（fL)": 8.3,
        "MPV(fL)": 10.0,
        "P-LCR(％）": 23.4,
        "PCT(％）": 0.18,
        "NRBC﹟(109/L)": 0.02,
        "NRBC％（/100WBC)": 0.8,
        "NEUT％": 26.8,
        "LYMPH％": 56.8,
        "MONO％": 14.8,
        "EO％": 1.6,
        "BASO％": 0.0,
        "IG﹟(109/L)": 0.02,
        "IG％": 0.8
    },
    "淋巴类别": {
        "Blasts/Abn Ly": 246.08365019011407,
        "Atypical": 134.81203007518798,
        "Atypical.1": 0.0,
        "Blasts": 10.0,
        "Abn Ly": 20.0
    },
    "血常规通道参数": {
        "WNR-X": 168.3,
        "WNR-Y": 98.6,
        "WNR-Z": 83.5,
        "WPC-X": 74.0,
        "WPC-Y": 171.4,
        "WPC-Z": 86.5,
        "HFLC%": 0.0,
        "WBC": 2.57,
        "NE-SSC": 145.9,
        "NE-SFL": 41.1,
        "NE-FSC": 79.6,
        "LY-X": 83.1,
        "LY-Y": 71.1,
        "LY-Z": 59.5,
        "MO-X": 118.6,
        "MO-Y": 111.7,
        "MO-Z": 65.3,
        "NE-WX": 500.0,
        "NE-WY": 900.0,
        "NE-WZ": 905.0,
        "LY-WX": 349.0,
        "LY-WY": 773.0,
        "LY-WZ": 521.0,
        "MO-WX": 270.0,
        "MO-WY": 681.0,
        "MO-WZ": 552.0
    },
    "镜检": 15,
    "label": 0
}