{
    "基础信息": {
        "住院号": 578722,
        "条码号": 20712643500,
        "序号": 1089
    },
    "图片路径": "../acute_arms/1089.png",
    "临床": {
        "发热": 1,
        "关节及骨骼痛": 0,
        "出血": 1,
        "贫血": 1,
        "器官肿大": 0,
        "中枢神经系统症状": 0,
        "腹痛": 0,
        "咳嗽": 0,
        "皮疹": 0
    },
    "生化": {
        "乳酸脱氢酶LDH": 633.0,
        "铁蛋白Fer": 685.65
    },
    "血常规报告参数": {
        "性别(男1女2）": 1.0,
        "年龄": 10.9,
        "WBC(109/L)": 18.12,
        "RBC(1012/L)": 2.62,
        "HGB(g/L)": 77.0,
        "HCT(％）": 23.5,
        "MCV(fL)": 89.7,
        "MCH(pg)": 29.4,
        "MCHC(g/L)": 328.0,
        "PLT(109/L)": 28.0,
        "RDW-SD(fL)": 49.6,
        "RDW-CV(％）": 15.5,
        "PDW（fL)": 11.718354,
        "MPV(fL)": 10.420886,
        "P-LCR(％）": 27.943037,
        "PCT(％）": 0.12753165,
        "NRBC﹟(109/L)": 0.11,
        "NRBC％（/100WBC)": 0.6,
        "NEUT％": 5.7,
        "LYMPH％": 83.6,
        "MONO％": 10.4,
        "EO％": 0.1,
        "BASO％": 0.2,
        "IG﹟(109/L)": 0.05,
        "IG％": 0.3
    },
    "淋巴类别": {
        "Blasts/Abn Ly": 246.08365019011407,
        "Atypical": 134.81203007518798,
        "Atypical.1": 0.0,
        "Blasts": 0.0,
        "Abn Ly": 250.0
    },
    "血常规通道参数": {
        "WNR-X": 171.6,
        "WNR-Y": 102.0,
        "WNR-Z": 81.8,
        "WPC-X": 66.4,
        "WPC-Y": 173.7,
        "WPC-Z": 85.6,
        "HFLC%": 0.2,
        "WBC": 17.77,
        "NE-SSC": 147.9,
        "NE-SFL": 50.9,
        "NE-FSC": 86.4,
        "LY-X": 82.5,
        "LY-Y": 64.3,
        "LY-Z": 61.4,
        "MO-X": 106.5,
        "MO-Y": 109.9,
        "MO-Z": 68.4,
        "NE-WX": 365.0,
        "NE-WY": 806.0,
        "NE-WZ": 521.0,
        "LY-WX": 533.0,
        "LY-WY": 1275.0,
        "LY-WZ": 570.0,
        "MO-WX": 272.0,
        "MO-WY": 946.0,
        "MO-WZ": 497.0
    },
    "镜检": 73,
    "label": 0
}