{
    "基础信息": {
        "住院号": 583824,
        "条码号": 20757243900,
        "序号": 1093
    },
    "图片路径": "../acute_arms/1093.png",
    "临床": {
        "发热": 0,
        "关节及骨骼痛": 1,
        "出血": 0,
        "贫血": 1,
        "器官肿大": 1,
        "中枢神经系统症状": 1,
        "腹痛": 0,
        "咳嗽": 0,
        "皮疹": 0
    },
    "生化": {
        "乳酸脱氢酶LDH": 536.0,
        "铁蛋白Fer": 257.18
    },
    "血常规报告参数": {
        "性别(男1女2）": 2.0,
        "年龄": 9.0,
        "WBC(109/L)": 165.92,
        "RBC(1012/L)": 2.89,
        "HGB(g/L)": 55.0,
        "HCT(％）": 16.9,
        "MCV(fL)": 58.5,
        "MCH(pg)": 19.0,
        "MCHC(g/L)": 325.0,
        "PLT(109/L)": 227.0,
        "RDW-SD(fL)": 34.4,
        "RDW-CV(％）": 24.7,
        "PDW（fL)": 11.718354,
        "MPV(fL)": 10.420886,
        "P-LCR(％）": 27.943037,
        "PCT(％）": 0.12753165,
        "NRBC﹟(109/L)": 0.07,
        "NRBC％（/100WBC)": 0.0,
        "NEUT％": 11.5,
        "LYMPH％": 60.5,
        "MONO％": 28.0,
        "EO％": 0.0,
        "BASO％": 0.0,
        "IG﹟(109/L)": 1.94,
        "IG％": 1.2
    },
    "淋巴类别": {
        "Blasts/Abn Ly": 300.0,
        "Atypical": 300.0,
        "Atypical.1": 140.0,
        "Blasts": 0.0,
        "Abn Ly": 300.0
    },
    "血常规通道参数": {
        "WNR-X": 195.6,
        "WNR-Y": 99.4,
        "WNR-Z": 100.4,
        "WPC-X": 67.2,
        "WPC-Y": 178.8,
        "WPC-Z": 83.7,
        "HFLC%": 0.7,
        "WBC": 165.68,
        "NE-SSC": 149.6,
        "NE-SFL": 47.3,
        "NE-FSC": 83.0,
        "LY-X": 92.8,
        "LY-Y": 92.7,
        "LY-Z": 64.5,
        "MO-X": 105.5,
        "MO-Y": 110.2,
        "MO-Z": 66.9,
        "NE-WX": 394.0,
        "NE-WY": 1183.0,
        "NE-WZ": 747.0,
        "LY-WX": 356.0,
        "LY-WY": 841.0,
        "LY-WZ": 527.0,
        "MO-WX": 247.0,
        "MO-WY": 835.0,
        "MO-WZ": 538.0
    },
    "镜检": 74,
    "label": 0
}