{
    "基础信息": {
        "住院号": 590123,
        "条码号": 20817083100,
        "序号": 1115
    },
    "图片路径": "../acute_arms/1115.png",
    "临床": {
        "发热": 1,
        "关节及骨骼痛": 0,
        "出血": 1,
        "贫血": 0,
        "器官肿大": 0,
        "中枢神经系统症状": 0,
        "腹痛": 0,
        "咳嗽": 0,
        "皮疹": 0
    },
    "生化": {
        "乳酸脱氢酶LDH": 3270.0,
        "铁蛋白Fer": 212.92
    },
    "血常规报告参数": {
        "性别(男1女2）": 1.0,
        "年龄": 0.4,
        "WBC(109/L)": 323.62,
        "RBC(1012/L)": 2.71,
        "HGB(g/L)": 86.0,
        "HCT(％）": 21.1,
        "MCV(fL)": 77.9,
        "MCH(pg)": 31.7,
        "MCHC(g/L)": 408.0,
        "PLT(109/L)": 36.0,
        "RDW-SD(fL)": 54.3,
        "RDW-CV(％）": 20.9,
        "PDW（fL)": 11.718354,
        "MPV(fL)": 10.420886,
        "P-LCR(％）": 27.943037,
        "PCT(％）": 0.12753165,
        "NRBC﹟(109/L)": 0.27,
        "NRBC％（/100WBC)": 0.1,
        "NEUT％": 7.3,
        "LYMPH％": 65.5,
        "MONO％": 26.0,
        "EO％": 0.0,
        "BASO％": 1.2,
        "IG﹟(109/L)": 1.1,
        "IG％": 0.3
    },
    "淋巴类别": {
        "Blasts/Abn Ly": 300.0,
        "Atypical": 300.0,
        "Atypical.1": 0.0,
        "Blasts": 0.0,
        "Abn Ly": 300.0
    },
    "血常规通道参数": {
        "WNR-X": 190.0,
        "WNR-Y": 104.6,
        "WNR-Z": 104.0,
        "WPC-X": 73.3,
        "WPC-Y": 168.7,
        "WPC-Z": 78.7,
        "HFLC%": 0.4,
        "WBC": 323.61,
        "NE-SSC": 144.3,
        "NE-SFL": 47.9,
        "NE-FSC": 85.4,
        "LY-X": 88.1,
        "LY-Y": 54.0,
        "LY-Z": 59.9,
        "MO-X": 110.3,
        "MO-Y": 107.9,
        "MO-Z": 69.8,
        "NE-WX": 548.0,
        "NE-WY": 1442.0,
        "NE-WZ": 1053.0,
        "LY-WX": 465.0,
        "LY-WY": 1407.0,
        "LY-WZ": 651.0,
        "MO-WX": 372.0,
        "MO-WY": 1325.0,
        "MO-WZ": 932.0
    },
    "镜检": 97,
    "label": 0
}