{
    "基础信息": {
        "住院号": 589405,
        "条码号": 20820767100,
        "序号": 1118
    },
    "图片路径": "../acute_arms/1118.png",
    "临床": {
        "发热": 1,
        "关节及骨骼痛": 0,
        "出血": 1,
        "贫血": 1,
        "器官肿大": 0,
        "中枢神经系统症状": 0,
        "腹痛": 0,
        "咳嗽": 0,
        "皮疹": 0
    },
    "生化": {
        "乳酸脱氢酶LDH": 519.0,
        "铁蛋白Fer": 371.62
    },
    "血常规报告参数": {
        "性别(男1女2）": 1.0,
        "年龄": 2.1,
        "WBC(109/L)": 4.42,
        "RBC(1012/L)": 2.61,
        "HGB(g/L)": 76.0,
        "HCT(％）": 23.4,
        "MCV(fL)": 89.7,
        "MCH(pg)": 29.1,
        "MCHC(g/L)": 325.0,
        "PLT(109/L)": 186.0,
        "RDW-SD(fL)": 51.3,
        "RDW-CV(％）": 15.8,
        "PDW（fL)": 12.0,
        "MPV(fL)": 12.2,
        "P-LCR(％）": 37.6,
        "PCT(％）": 0.23,
        "NRBC﹟(109/L)": 0.03,
        "NRBC％（/100WBC)": 0.7,
        "NEUT％": 11.7,
        "LYMPH％": 83.3,
        "MONO％": 4.8,
        "EO％": 0.0,
        "BASO％": 0.2,
        "IG﹟(109/L)": 0.04,
        "IG％": 0.9
    },
    "淋巴类别": {
        "Blasts/Abn Ly": 300.0,
        "Atypical": 0.0,
        "Atypical.1": 52.25941422594142,
        "Blasts": 69.35344827586206,
        "Abn Ly": 164.82608695652175
    },
    "血常规通道参数": {
        "WNR-X": 174.7,
        "WNR-Y": 101.7,
        "WNR-Z": 85.1,
        "WPC-X": 70.35796460176992,
        "WPC-Y": 167.4270353982301,
        "WPC-Z": 86.76327433628319,
        "HFLC%": 0.5,
        "WBC": 4.42,
        "NE-SSC": 146.7,
        "NE-SFL": 43.3,
        "NE-FSC": 80.8,
        "LY-X": 79.6,
        "LY-Y": 64.2,
        "LY-Z": 58.5,
        "MO-X": 130.5,
        "MO-Y": 163.0,
        "MO-Z": 73.4,
        "NE-WX": 484.0,
        "NE-WY": 877.0,
        "NE-WZ": 780.0,
        "LY-WX": 704.0,
        "LY-WY": 1167.0,
        "LY-WZ": 701.0,
        "MO-WX": 345.0,
        "MO-WY": 552.0,
        "MO-WZ": 613.0
    },
    "镜检": 28,
    "label": 0
}