{
    "基础信息": {
        "住院号": 601617,
        "条码号": 20929495400,
        "序号": 1125
    },
    "图片路径": "../acute_arms/1125.png",
    "临床": {
        "发热": 0,
        "关节及骨骼痛": 1,
        "出血": 0,
        "贫血": 1,
        "器官肿大": 0,
        "中枢神经系统症状": 0,
        "腹痛": 0,
        "咳嗽": 0,
        "皮疹": 0
    },
    "生化": {
        "乳酸脱氢酶LDH": 2198.0,
        "铁蛋白Fer": 551.0
    },
    "血常规报告参数": {
        "性别(男1女2）": 2.0,
        "年龄": 6.0,
        "WBC(109/L)": 5.55,
        "RBC(1012/L)": 3.75,
        "HGB(g/L)": 69.0,
        "HCT(％）": 21.6,
        "MCV(fL)": 57.6,
        "MCH(pg)": 18.4,
        "MCHC(g/L)": 319.0,
        "PLT(109/L)": 39.0,
        "RDW-SD(fL)": 35.7,
        "RDW-CV(％）": 19.4,
        "PDW（fL)": 11.718354,
        "MPV(fL)": 10.420886,
        "P-LCR(％）": 27.943037,
        "PCT(％）": 0.12753165,
        "NRBC﹟(109/L)": 0.02,
        "NRBC％（/100WBC)": 0.4,
        "NEUT％": 11.7,
        "LYMPH％": 78.2,
        "MONO％": 8.5,
        "EO％": 1.4,
        "BASO％": 0.2,
        "IG﹟(109/L)": 0.04,
        "IG％": 0.7
    },
    "淋巴类别": {
        "Blasts/Abn Ly": 246.08365019011407,
        "Atypical": 134.81203007518798,
        "Atypical.1": 40.0,
        "Blasts": 0.0,
        "Abn Ly": 110.0
    },
    "血常规通道参数": {
        "WNR-X": 174.5,
        "WNR-Y": 101.8,
        "WNR-Z": 84.0,
        "WPC-X": 66.5,
        "WPC-Y": 169.3,
        "WPC-Z": 83.6,
        "HFLC%": 0.5,
        "WBC": 5.55,
        "NE-SSC": 147.5,
        "NE-SFL": 50.5,
        "NE-FSC": 80.2,
        "LY-X": 79.4,
        "LY-Y": 68.2,
        "LY-Z": 60.2,
        "MO-X": 107.1,
        "MO-Y": 98.5,
        "MO-Z": 66.3,
        "NE-WX": 312.0,
        "NE-WY": 732.0,
        "NE-WZ": 661.0,
        "LY-WX": 579.0,
        "LY-WY": 1027.0,
        "LY-WZ": 564.0,
        "MO-WX": 345.0,
        "MO-WY": 965.0,
        "MO-WZ": 663.0
    },
    "镜检": 22,
    "label": 0
}