{
    "基础信息": {
        "住院号": 501671,
        "条码号": 20776149600,
        "序号": 1127
    },
    "图片路径": "../acute_arms/1127.png",
    "临床": {
        "发热": 0,
        "关节及骨骼痛": 0,
        "出血": 0,
        "贫血": 0,
        "器官肿大": 0,
        "中枢神经系统症状": 0,
        "腹痛": 0,
        "咳嗽": 0,
        "皮疹": 0
    },
    "生化": {
        "乳酸脱氢酶LDH": 671.0,
        "铁蛋白Fer": 43175.34
    },
    "血常规报告参数": {
        "性别(男1女2）": 1.0,
        "年龄": 13.2,
        "WBC(109/L)": 37.227238,
        "RBC(1012/L)": 3.1094692,
        "HGB(g/L)": 86.39273,
        "HCT(％）": 26.058546,
        "MCV(fL)": 84.217094,
        "MCH(pg)": 27.823019,
        "MCHC(g/L)": 330.9891,
        "PLT(109/L)": 95.814545,
        "RDW-SD(fL)": 47.376316,
        "RDW-CV(％）": 16.295658,
        "PDW（fL)": 11.718354,
        "MPV(fL)": 10.420886,
        "P-LCR(％）": 27.943037,
        "PCT(％）": 0.12753165,
        "NRBC﹟(109/L)": 0.01,
        "NRBC％（/100WBC)": 0.6,
        "NEUT％": 35.0,
        "LYMPH％": 23.3,
        "MONO％": 8.3,
        "EO％": 32.8,
        "BASO％": 0.6,
        "IG﹟(109/L)": 0.03,
        "IG％": 1.7
    },
    "淋巴类别": {
        "Blasts/Abn Ly": 300.0,
        "Atypical": 110.0,
        "Atypical.1": 100.0,
        "Blasts": 0.0,
        "Abn Ly": 60.0
    },
    "血常规通道参数": {
        "WNR-X": 157.3,
        "WNR-Y": 92.2,
        "WNR-Z": 78.2,
        "WPC-X": 74.8,
        "WPC-Y": 171.4,
        "WPC-Z": 91.6,
        "HFLC%": 0.0,
        "WBC": 1.66,
        "NE-SSC": 173.0,
        "NE-SFL": 44.4,
        "NE-FSC": 88.3,
        "LY-X": 84.2,
        "LY-Y": 69.2,
        "LY-Z": 59.9,
        "MO-X": 113.3,
        "MO-Y": 44.0,
        "MO-Z": 68.7,
        "NE-WX": 428.0,
        "NE-WY": 1104.0,
        "NE-WZ": 781.0,
        "LY-WX": 463.0,
        "LY-WY": 1213.0,
        "LY-WZ": 601.0,
        "MO-WX": 380.0,
        "MO-WY": 136.0,
        "MO-WZ": 655.0
    },
    "镜检": 2,
    "label": 0
}