{
    "基础信息": {
        "住院号": 589524,
        "条码号": 20811907200,
        "序号": 1128
    },
    "图片路径": "../acute_arms/1128.png",
    "临床": {
        "发热": 0,
        "关节及骨骼痛": 0,
        "出血": 1,
        "贫血": 1,
        "器官肿大": 0,
        "中枢神经系统症状": 0,
        "腹痛": 0,
        "咳嗽": 0,
        "皮疹": 0
    },
    "生化": {
        "乳酸脱氢酶LDH": 284.0,
        "铁蛋白Fer": 223.14
    },
    "血常规报告参数": {
        "性别(男1女2）": 2.0,
        "年龄": 1.7,
        "WBC(109/L)": 10.13,
        "RBC(1012/L)": 1.07,
        "HGB(g/L)": 37.0,
        "HCT(％）": 11.1,
        "MCV(fL)": 103.7,
        "MCH(pg)": 34.6,
        "MCHC(g/L)": 333.0,
        "PLT(109/L)": 30.0,
        "RDW-SD(fL)": 64.1,
        "RDW-CV(％）": 17.9,
        "PDW（fL)": 11.2,
        "MPV(fL)": 9.8,
        "P-LCR(％）": 24.9,
        "PCT(％）": 0.03,
        "NRBC﹟(109/L)": 0.15,
        "NRBC％（/100WBC)": 1.5,
        "NEUT％": 17.5,
        "LYMPH％": 63.1,
        "MONO％": 19.2,
        "EO％": 0.1,
        "BASO％": 0.1,
        "IG﹟(109/L)": 0.22,
        "IG％": 2.2
    },
    "淋巴类别": {
        "Blasts/Abn Ly": 246.08365019011407,
        "Atypical": 134.81203007518798,
        "Atypical.1": 300.0,
        "Blasts": 300.0,
        "Abn Ly": 0.0
    },
    "血常规通道参数": {
        "WNR-X": 196.2,
        "WNR-Y": 104.2,
        "WNR-Z": 91.9,
        "WPC-X": 77.7,
        "WPC-Y": 171.9,
        "WPC-Z": 87.4,
        "HFLC%": 0.7616788321167883,
        "WBC": 37.28638686131387,
        "NE-SSC": 148.98722627737226,
        "NE-SFL": 51.04927007299269,
        "NE-FSC": 82.5551094890511,
        "LY-X": 83.61240875912408,
        "LY-Y": 68.67043795620437,
        "LY-Z": 60.07445255474453,
        "MO-X": 111.63722627737226,
        "MO-Y": 109.82080291970804,
        "MO-Z": 67.57773722627736,
        "NE-WX": 373.1751824817519,
        "NE-WY": 990.4343065693432,
        "NE-WZ": 683.8722627737226,
        "LY-WX": 560.7189781021898,
        "LY-WY": 1032.9379562043796,
        "LY-WZ": 583.6094890510949,
        "MO-WX": 345.6094890510949,
        "MO-WY": 888.0948905109489,
        "MO-WZ": 687.3102189781022
    },
    "镜检": 20,
    "label": 0
}