{
    "基础信息": {
        "住院号": 597559,
        "条码号": 20896513900,
        "序号": 1140
    },
    "图片路径": "../acute_arms/1140.png",
    "临床": {
        "发热": 0,
        "关节及骨骼痛": 0,
        "出血": 0,
        "贫血": 0,
        "器官肿大": 0,
        "中枢神经系统症状": 0,
        "腹痛": 0,
        "咳嗽": 0,
        "皮疹": 0
    },
    "生化": {
        "乳酸脱氢酶LDH": 723.0,
        "铁蛋白Fer": 933.02454
    },
    "血常规报告参数": {
        "性别(男1女2）": 1.0,
        "年龄": 12.1,
        "WBC(109/L)": 22.68,
        "RBC(1012/L)": 2.53,
        "HGB(g/L)": 88.0,
        "HCT(％）": 25.2,
        "MCV(fL)": 99.6,
        "MCH(pg)": 34.8,
        "MCHC(g/L)": 349.0,
        "PLT(109/L)": 40.0,
        "RDW-SD(fL)": 86.2,
        "RDW-CV(％）": 24.7,
        "PDW（fL)": 11.718354,
        "MPV(fL)": 10.420886,
        "P-LCR(％）": 27.943037,
        "PCT(％）": 0.12753165,
        "NRBC﹟(109/L)": 0.15,
        "NRBC％（/100WBC)": 0.7,
        "NEUT％": 22.4,
        "LYMPH％": 51.2,
        "MONO％": 25.2,
        "EO％": 0.3,
        "BASO％": 0.9,
        "IG﹟(109/L)": 0.63,
        "IG％": 2.8
    },
    "淋巴类别": {
        "Blasts/Abn Ly": 246.08365019011407,
        "Atypical": 300.0,
        "Atypical.1": 300.0,
        "Blasts": 0.0,
        "Abn Ly": 300.0
    },
    "血常规通道参数": {
        "WNR-X": 181.6,
        "WNR-Y": 104.1,
        "WNR-Z": 95.9,
        "WPC-X": 63.0,
        "WPC-Y": 174.2,
        "WPC-Z": 85.0,
        "HFLC%": 1.3,
        "WBC": 22.02,
        "NE-SSC": 151.2,
        "NE-SFL": 52.4,
        "NE-FSC": 83.5,
        "LY-X": 90.7,
        "LY-Y": 88.8,
        "LY-Z": 63.5,
        "MO-X": 106.2,
        "MO-Y": 115.9,
        "MO-Z": 68.8,
        "NE-WX": 476.0,
        "NE-WY": 1297.0,
        "NE-WZ": 790.0,
        "LY-WX": 364.0,
        "LY-WY": 991.0,
        "LY-WZ": 567.0,
        "MO-WX": 320.0,
        "MO-WY": 863.0,
        "MO-WZ": 727.0
    },
    "镜检": 65,
    "label": 0
}