{
    "基础信息": {
        "住院号": 576914,
        "条码号": 20922614400,
        "序号": 1147
    },
    "图片路径": "../acute_arms/1147.png",
    "临床": {
        "发热": 0,
        "关节及骨骼痛": 1,
        "出血": 0,
        "贫血": 0,
        "器官肿大": 1,
        "中枢神经系统症状": 1,
        "腹痛": 0,
        "咳嗽": 0,
        "皮疹": 0
    },
    "生化": {
        "乳酸脱氢酶LDH": 168.0,
        "铁蛋白Fer": 933.02454
    },
    "血常规报告参数": {
        "性别(男1女2）": 2.0,
        "年龄": 7.6,
        "WBC(109/L)": 122.08,
        "RBC(1012/L)": 2.25,
        "HGB(g/L)": 69.0,
        "HCT(％）": 22.4,
        "MCV(fL)": 99.6,
        "MCH(pg)": 30.7,
        "MCHC(g/L)": 308.0,
        "PLT(109/L)": 90.0,
        "RDW-SD(fL)": 50.4,
        "RDW-CV(％）": 22.9,
        "PDW（fL)": 10.1,
        "MPV(fL)": 10.0,
        "P-LCR(％）": 27.1,
        "PCT(％）": 0.08,
        "NRBC﹟(109/L)": 0.73,
        "NRBC％（/100WBC)": 0.6,
        "NEUT％": 36.9,
        "LYMPH％": 23.6,
        "MONO％": 38.8,
        "EO％": 0.0,
        "BASO％": 0.7,
        "IG﹟(109/L)": 0.0,
        "IG％": 0.0
    },
    "淋巴类别": {
        "Blasts/Abn Ly": 246.08365019011407,
        "Atypical": 134.81203007518798,
        "Atypical.1": 0.0,
        "Blasts": 0.0,
        "Abn Ly": 300.0
    },
    "血常规通道参数": {
        "WNR-X": 182.5,
        "WNR-Y": 103.7,
        "WNR-Z": 91.3,
        "WPC-X": 70.7,
        "WPC-Y": 174.8,
        "WPC-Z": 87.9,
        "HFLC%": 0.2,
        "WBC": 122.08,
        "NE-SSC": 117.5,
        "NE-SFL": 49.0,
        "NE-FSC": 39.7,
        "LY-X": 94.6,
        "LY-Y": 86.7,
        "LY-Z": 65.4,
        "MO-X": 108.2,
        "MO-Y": 90.4,
        "MO-Z": 68.1,
        "NE-WX": 681.0,
        "NE-WY": 1082.0,
        "NE-WZ": 2295.0,
        "LY-WX": 275.0,
        "LY-WY": 922.0,
        "LY-WZ": 856.0,
        "MO-WX": 342.0,
        "MO-WY": 1417.0,
        "MO-WZ": 1029.0
    },
    "镜检": 69,
    "label": 0
}