{
    "基础信息": {
        "住院号": 600798,
        "条码号": 20923358900,
        "序号": 1148
    },
    "图片路径": "../acute_arms/1148.png",
    "临床": {
        "发热": 0,
        "关节及骨骼痛": 0,
        "出血": 1,
        "贫血": 1,
        "器官肿大": 0,
        "中枢神经系统症状": 0,
        "腹痛": 0,
        "咳嗽": 0,
        "皮疹": 0
    },
    "生化": {
        "乳酸脱氢酶LDH": 561.0,
        "铁蛋白Fer": 181.0
    },
    "血常规报告参数": {
        "性别(男1女2）": 1.0,
        "年龄": 1.9,
        "WBC(109/L)": 6.81,
        "RBC(1012/L)": 3.58,
        "HGB(g/L)": 86.0,
        "HCT(％）": 26.0,
        "MCV(fL)": 72.6,
        "MCH(pg)": 24.0,
        "MCHC(g/L)": 331.0,
        "PLT(109/L)": 59.0,
        "RDW-SD(fL)": 47.376316,
        "RDW-CV(％）": 16.295658,
        "PDW（fL)": 11.718354,
        "MPV(fL)": 10.420886,
        "P-LCR(％）": 27.943037,
        "PCT(％）": 0.12753165,
        "NRBC﹟(109/L)": 0.03,
        "NRBC％（/100WBC)": 0.4,
        "NEUT％": 14.6,
        "LYMPH％": 78.9,
        "MONO％": 4.3,
        "EO％": 1.9,
        "BASO％": 0.3,
        "IG﹟(109/L)": 0.04,
        "IG％": 0.6
    },
    "淋巴类别": {
        "Blasts/Abn Ly": 246.08365019011407,
        "Atypical": 134.81203007518798,
        "Atypical.1": 0.0,
        "Blasts": 0.0,
        "Abn Ly": 300.0
    },
    "血常规通道参数": {
        "WNR-X": 172.8,
        "WNR-Y": 101.7,
        "WNR-Z": 84.2,
        "WPC-X": 67.5,
        "WPC-Y": 173.9,
        "WPC-Z": 80.1,
        "HFLC%": 1.2,
        "WBC": 6.81,
        "NE-SSC": 143.2,
        "NE-SFL": 42.8,
        "NE-FSC": 90.2,
        "LY-X": 81.0,
        "LY-Y": 66.8,
        "LY-Z": 62.6,
        "MO-X": 113.4,
        "MO-Y": 81.9,
        "MO-Z": 63.9,
        "NE-WX": 419.0,
        "NE-WY": 794.0,
        "NE-WZ": 842.0,
        "LY-WX": 666.0,
        "LY-WY": 1167.0,
        "LY-WZ": 639.0,
        "MO-WX": 450.0,
        "MO-WY": 1001.0,
        "MO-WZ": 1018.0
    },
    "镜检": 16,
    "label": 0
}