{
    "基础信息": {
        "住院号": 601418,
        "条码号": 20930823000,
        "序号": 1151
    },
    "图片路径": "../acute_arms/1151.png",
    "临床": {
        "发热": 1,
        "关节及骨骼痛": 0,
        "出血": 0,
        "贫血": 0,
        "器官肿大": 0,
        "中枢神经系统症状": 1,
        "腹痛": 1,
        "咳嗽": 0,
        "皮疹": 0
    },
    "生化": {
        "乳酸脱氢酶LDH": 821.0,
        "铁蛋白Fer": 2459.0
    },
    "血常规报告参数": {
        "性别(男1女2）": 1.0,
        "年龄": 2.9,
        "WBC(109/L)": 3.67,
        "RBC(1012/L)": 3.4,
        "HGB(g/L)": 93.0,
        "HCT(％）": 26.6,
        "MCV(fL)": 78.2,
        "MCH(pg)": 27.4,
        "MCHC(g/L)": 350.0,
        "PLT(109/L)": 244.0,
        "RDW-SD(fL)": 34.9,
        "RDW-CV(％）": 12.4,
        "PDW（fL)": 9.0,
        "MPV(fL)": 9.4,
        "P-LCR(％）": 18.2,
        "PCT(％）": 0.23,
        "NRBC﹟(109/L)": 0.01,
        "NRBC％（/100WBC)": 0.3,
        "NEUT％": 20.2,
        "LYMPH％": 74.4,
        "MONO％": 4.6,
        "EO％": 0.5,
        "BASO％": 0.3,
        "IG﹟(109/L)": 0.02,
        "IG％": 0.5
    },
    "淋巴类别": {
        "Blasts/Abn Ly": 300.0,
        "Atypical": 100.0,
        "Atypical.1": 52.25941422594142,
        "Blasts": 69.35344827586206,
        "Abn Ly": 164.82608695652175
    },
    "血常规通道参数": {
        "WNR-X": 175.57745454545454,
        "WNR-Y": 102.31530909090908,
        "WNR-Z": 91.47818181818182,
        "WPC-X": 70.35796460176992,
        "WPC-Y": 167.4270353982301,
        "WPC-Z": 86.76327433628319,
        "HFLC%": 0.0,
        "WBC": 3.67,
        "NE-SSC": 147.8,
        "NE-SFL": 49.8,
        "NE-FSC": 82.2,
        "LY-X": 77.6,
        "LY-Y": 65.1,
        "LY-Z": 60.5,
        "MO-X": 113.0,
        "MO-Y": 111.8,
        "MO-Z": 75.8,
        "NE-WX": 338.0,
        "NE-WY": 542.0,
        "NE-WZ": 609.0,
        "LY-WX": 580.0,
        "LY-WY": 830.0,
        "LY-WZ": 512.0,
        "MO-WX": 416.0,
        "MO-WY": 474.0,
        "MO-WZ": 779.0
    },
    "镜检": 2,
    "label": 0
}