{
    "基础信息": {
        "住院号": 601921,
        "条码号": 20931978800,
        "序号": 1152
    },
    "图片路径": "../acute_arms/1152.png",
    "临床": {
        "发热": 0,
        "关节及骨骼痛": 0,
        "出血": 1,
        "贫血": 1,
        "器官肿大": 0,
        "中枢神经系统症状": 1,
        "腹痛": 1,
        "咳嗽": 0,
        "皮疹": 0
    },
    "生化": {
        "乳酸脱氢酶LDH": 368.0,
        "铁蛋白Fer": 263.0
    },
    "血常规报告参数": {
        "性别(男1女2）": 2.0,
        "年龄": 5.7,
        "WBC(109/L)": 24.43,
        "RBC(1012/L)": 3.18,
        "HGB(g/L)": 84.0,
        "HCT(％）": 26.0,
        "MCV(fL)": 81.8,
        "MCH(pg)": 26.4,
        "MCHC(g/L)": 323.0,
        "PLT(109/L)": 11.0,
        "RDW-SD(fL)": 44.2,
        "RDW-CV(％）": 15.3,
        "PDW（fL)": 11.718354,
        "MPV(fL)": 10.420886,
        "P-LCR(％）": 27.943037,
        "PCT(％）": 0.12753165,
        "NRBC﹟(109/L)": 0.05,
        "NRBC％（/100WBC)": 0.2,
        "NEUT％": 3.4,
        "LYMPH％": 84.7,
        "MONO％": 10.9,
        "EO％": 0.3,
        "BASO％": 0.7,
        "IG﹟(109/L)": 0.02,
        "IG％": 0.1
    },
    "淋巴类别": {
        "Blasts/Abn Ly": 190.0,
        "Atypical": 50.0,
        "Atypical.1": 52.25941422594142,
        "Blasts": 69.35344827586206,
        "Abn Ly": 164.82608695652175
    },
    "血常规通道参数": {
        "WNR-X": 178.2,
        "WNR-Y": 108.9,
        "WNR-Z": 88.2,
        "WPC-X": 70.35796460176992,
        "WPC-Y": 167.4270353982301,
        "WPC-Z": 86.76327433628319,
        "HFLC%": 0.5,
        "WBC": 24.43,
        "NE-SSC": 147.4,
        "NE-SFL": 51.5,
        "NE-FSC": 86.4,
        "LY-X": 89.4,
        "LY-Y": 71.4,
        "LY-Z": 66.0,
        "MO-X": 104.6,
        "MO-Y": 92.7,
        "MO-Z": 69.8,
        "NE-WX": 400.0,
        "NE-WY": 874.0,
        "NE-WZ": 555.0,
        "LY-WX": 392.0,
        "LY-WY": 770.0,
        "LY-WZ": 561.0,
        "MO-WX": 239.0,
        "MO-WY": 960.0,
        "MO-WZ": 830.0
    },
    "镜检": 94,
    "label": 0
}