{
    "基础信息": {
        "住院号": 601529,
        "条码号": 20931796000,
        "序号": 1153
    },
    "图片路径": "../acute_arms/1153.png",
    "临床": {
        "发热": 0,
        "关节及骨骼痛": 0,
        "出血": 0,
        "贫血": 0,
        "器官肿大": 1,
        "中枢神经系统症状": 0,
        "腹痛": 0,
        "咳嗽": 0,
        "皮疹": 0
    },
    "生化": {
        "乳酸脱氢酶LDH": 495.0,
        "铁蛋白Fer": 207.0
    },
    "血常规报告参数": {
        "性别(男1女2）": 2.0,
        "年龄": 12.8,
        "WBC(109/L)": 70.34,
        "RBC(1012/L)": 2.69,
        "HGB(g/L)": 85.0,
        "HCT(％）": 27.3,
        "MCV(fL)": 101.5,
        "MCH(pg)": 31.6,
        "MCHC(g/L)": 311.0,
        "PLT(109/L)": 56.0,
        "RDW-SD(fL)": 65.4,
        "RDW-CV(％）": 18.5,
        "PDW（fL)": 11.3,
        "MPV(fL)": 10.1,
        "P-LCR(％）": 27.4,
        "PCT(％）": 0.06,
        "NRBC﹟(109/L)": 0.14,
        "NRBC％（/100WBC)": 0.2,
        "NEUT％": 9.4,
        "LYMPH％": 56.0,
        "MONO％": 34.4,
        "EO％": 0.0,
        "BASO％": 0.2,
        "IG﹟(109/L)": 0.08,
        "IG％": 0.1
    },
    "淋巴类别": {
        "Blasts/Abn Ly": 300.0,
        "Atypical": 300.0,
        "Atypical.1": 52.25941422594142,
        "Blasts": 69.35344827586206,
        "Abn Ly": 164.82608695652175
    },
    "血常规通道参数": {
        "WNR-X": 188.7,
        "WNR-Y": 114.4,
        "WNR-Z": 101.7,
        "WPC-X": 70.35796460176992,
        "WPC-Y": 167.4270353982301,
        "WPC-Z": 86.76327433628319,
        "HFLC%": 0.3,
        "WBC": 70.34,
        "NE-SSC": 150.3,
        "NE-SFL": 45.1,
        "NE-FSC": 82.7,
        "LY-X": 93.6,
        "LY-Y": 79.1,
        "LY-Z": 70.2,
        "MO-X": 104.5,
        "MO-Y": 96.4,
        "MO-Z": 75.9,
        "NE-WX": 313.0,
        "NE-WY": 1042.0,
        "NE-WZ": 702.0,
        "LY-WX": 427.0,
        "LY-WY": 897.0,
        "LY-WZ": 612.0,
        "MO-WX": 316.0,
        "MO-WY": 1068.0,
        "MO-WZ": 514.0
    },
    "镜检": 86,
    "label": 0
}