{
    "基础信息": {
        "住院号": 602044,
        "条码号": 20932626300,
        "序号": 1154
    },
    "图片路径": "../acute_arms/1154.png",
    "临床": {
        "发热": 1,
        "关节及骨骼痛": 1,
        "出血": 0,
        "贫血": 0,
        "器官肿大": 0,
        "中枢神经系统症状": 0,
        "腹痛": 0,
        "咳嗽": 0,
        "皮疹": 0
    },
    "生化": {
        "乳酸脱氢酶LDH": 290.0,
        "铁蛋白Fer": 196.0
    },
    "血常规报告参数": {
        "性别(男1女2）": 1.0,
        "年龄": 2.5,
        "WBC(109/L)": 5.37,
        "RBC(1012/L)": 3.53,
        "HGB(g/L)": 93.0,
        "HCT(％）": 29.1,
        "MCV(fL)": 82.4,
        "MCH(pg)": 26.3,
        "MCHC(g/L)": 320.0,
        "PLT(109/L)": 157.0,
        "RDW-SD(fL)": 44.2,
        "RDW-CV(％）": 14.8,
        "PDW（fL)": 11.718354,
        "MPV(fL)": 10.420886,
        "P-LCR(％）": 27.943037,
        "PCT(％）": 0.12753165,
        "NRBC﹟(109/L)": 0.12,
        "NRBC％（/100WBC)": 2.2,
        "NEUT％": 4.1,
        "LYMPH％": 94.4,
        "MONO％": 1.3,
        "EO％": 0.0,
        "BASO％": 0.2,
        "IG﹟(109/L)": 0.02,
        "IG％": 0.4
    },
    "淋巴类别": {
        "Blasts/Abn Ly": 300.0,
        "Atypical": 0.0,
        "Atypical.1": 52.25941422594142,
        "Blasts": 69.35344827586206,
        "Abn Ly": 164.82608695652175
    },
    "血常规通道参数": {
        "WNR-X": 163.4,
        "WNR-Y": 104.0,
        "WNR-Z": 79.6,
        "WPC-X": 70.35796460176992,
        "WPC-Y": 167.4270353982301,
        "WPC-Z": 86.76327433628319,
        "HFLC%": 0.2,
        "WBC": 5.37,
        "NE-SSC": 148.6,
        "NE-SFL": 41.9,
        "NE-FSC": 85.4,
        "LY-X": 79.2,
        "LY-Y": 64.7,
        "LY-Z": 60.1,
        "MO-X": 105.5,
        "MO-Y": 110.5,
        "MO-Z": 66.2,
        "NE-WX": 283.0,
        "NE-WY": 715.0,
        "NE-WZ": 632.0,
        "LY-WX": 568.0,
        "LY-WY": 973.0,
        "LY-WZ": 499.0,
        "MO-WX": 265.0,
        "MO-WY": 317.0,
        "MO-WZ": 514.0
    },
    "镜检": 4,
    "label": 0
}