{
    "基础信息": {
        "住院号": 604607,
        "条码号": 20964972400,
        "序号": 1157
    },
    "图片路径": "../acute_arms/1157.png",
    "临床": {
        "发热": 1,
        "关节及骨骼痛": 0,
        "出血": 1,
        "贫血": 0,
        "器官肿大": 0,
        "中枢神经系统症状": 0,
        "腹痛": 0,
        "咳嗽": 0,
        "皮疹": 0
    },
    "生化": {
        "乳酸脱氢酶LDH": 17755.0,
        "铁蛋白Fer": 2780.0
    },
    "血常规报告参数": {
        "性别(男1女2）": 2.0,
        "年龄": 5.8,
        "WBC(109/L)": 88.75,
        "RBC(1012/L)": 2.76,
        "HGB(g/L)": 80.0,
        "HCT(％）": 22.1,
        "MCV(fL)": 80.1,
        "MCH(pg)": 29.0,
        "MCHC(g/L)": 362.0,
        "PLT(109/L)": 32.0,
        "RDW-SD(fL)": 40.6,
        "RDW-CV(％）": 14.3,
        "PDW（fL)": 15.5,
        "MPV(fL)": 11.4,
        "P-LCR(％）": 37.8,
        "PCT(％）": 0.05,
        "NRBC﹟(109/L)": 0.1,
        "NRBC％（/100WBC)": 0.1,
        "NEUT％": 17.7,
        "LYMPH％": 42.4,
        "MONO％": 39.0,
        "EO％": 0.6,
        "BASO％": 0.3,
        "IG﹟(109/L)": 0.68,
        "IG％": 0.8
    },
    "淋巴类别": {
        "Blasts/Abn Ly": 246.08365019011407,
        "Atypical": 134.81203007518798,
        "Atypical.1": 0.0,
        "Blasts": 0.0,
        "Abn Ly": 300.0
    },
    "血常规通道参数": {
        "WNR-X": 183.0,
        "WNR-Y": 99.4,
        "WNR-Z": 92.5,
        "WPC-X": 68.1,
        "WPC-Y": 176.5,
        "WPC-Z": 83.8,
        "HFLC%": 0.4,
        "WBC": 88.75,
        "NE-SSC": 128.3,
        "NE-SFL": 43.2,
        "NE-FSC": 82.2,
        "LY-X": 92.1,
        "LY-Y": 71.8,
        "LY-Z": 62.0,
        "MO-X": 107.2,
        "MO-Y": 98.2,
        "MO-Z": 64.8,
        "NE-WX": 492.0,
        "NE-WY": 1089.0,
        "NE-WZ": 875.0,
        "LY-WX": 445.0,
        "LY-WY": 1101.0,
        "LY-WZ": 532.0,
        "MO-WX": 345.0,
        "MO-WY": 1161.0,
        "MO-WZ": 602.0
    },
    "镜检": 25,
    "label": 0
}