{
    "基础信息": {
        "住院号": 456446,
        "条码号": 20530151500,
        "序号": 1158
    },
    "图片路径": "../acute_arms/1158.png",
    "临床": {
        "发热": 1,
        "关节及骨骼痛": 1,
        "出血": 0,
        "贫血": 0,
        "器官肿大": 0,
        "中枢神经系统症状": 1,
        "腹痛": 1,
        "咳嗽": 0,
        "皮疹": 0
    },
    "生化": {
        "乳酸脱氢酶LDH": 450.0,
        "铁蛋白Fer": 222.22
    },
    "血常规报告参数": {
        "性别(男1女2）": 1.0,
        "年龄": 6.1,
        "WBC(109/L)": 11.19,
        "RBC(1012/L)": 4.8,
        "HGB(g/L)": 132.0,
        "HCT(％）": 39.9,
        "MCV(fL)": 83.1,
        "MCH(pg)": 27.5,
        "MCHC(g/L)": 331.0,
        "PLT(109/L)": 135.0,
        "RDW-SD(fL)": 36.2,
        "RDW-CV(％）": 12.0,
        "PDW（fL)": 10.6,
        "MPV(fL)": 10.1,
        "P-LCR(％）": 24.9,
        "PCT(％）": 0.14,
        "NRBC﹟(109/L)": 0.0,
        "NRBC％（/100WBC)": 0.0,
        "NEUT％": 65.3,
        "LYMPH％": 25.1,
        "MONO％": 6.7,
        "EO％": 2.2,
        "BASO％": 0.7,
        "IG﹟(109/L)": 0.76,
        "IG％": 6.8
    },
    "淋巴类别": {
        "Blasts/Abn Ly": 0.0,
        "Atypical": 10.0,
        "Atypical.1": 52.25941422594142,
        "Blasts": 69.35344827586206,
        "Abn Ly": 164.82608695652175
    },
    "血常规通道参数": {
        "WNR-X": 154.7,
        "WNR-Y": 99.6,
        "WNR-Z": 84.9,
        "WPC-X": 70.35796460176992,
        "WPC-Y": 167.4270353982301,
        "WPC-Z": 86.76327433628319,
        "HFLC%": 0.2,
        "WBC": 11.19,
        "NE-SSC": 156.4,
        "NE-SFL": 43.5,
        "NE-FSC": 88.1,
        "LY-X": 74.5,
        "LY-Y": 56.5,
        "LY-Z": 55.9,
        "MO-X": 114.6,
        "MO-Y": 95.7,
        "MO-Z": 65.4,
        "NE-WX": 333.0,
        "NE-WY": 1012.0,
        "NE-WZ": 727.0,
        "LY-WX": 537.0,
        "LY-WY": 1044.0,
        "LY-WZ": 608.0,
        "MO-WX": 349.0,
        "MO-WY": 742.0,
        "MO-WZ": 612.0
    },
    "镜检": 1,
    "label": 0
}