{
    "基础信息": {
        "住院号": 554626,
        "条码号": 20530839100,
        "序号": 1159
    },
    "图片路径": "../acute_arms/1159.png",
    "临床": {
        "发热": 0,
        "关节及骨骼痛": 0,
        "出血": 0,
        "贫血": 0,
        "器官肿大": 0,
        "中枢神经系统症状": 1,
        "腹痛": 1,
        "咳嗽": 0,
        "皮疹": 0
    },
    "生化": {
        "乳酸脱氢酶LDH": 217.0,
        "铁蛋白Fer": 1294.18
    },
    "血常规报告参数": {
        "性别(男1女2）": 2.0,
        "年龄": 6.8,
        "WBC(109/L)": 11.95,
        "RBC(1012/L)": 3.26,
        "HGB(g/L)": 99.0,
        "HCT(％）": 29.3,
        "MCV(fL)": 89.9,
        "MCH(pg)": 30.4,
        "MCHC(g/L)": 338.0,
        "PLT(109/L)": 42.0,
        "RDW-SD(fL)": 53.4,
        "RDW-CV(％）": 16.8,
        "PDW（fL)": 11.9,
        "MPV(fL)": 10.0,
        "P-LCR(％）": 24.4,
        "PCT(％）": 0.04,
        "NRBC﹟(109/L)": 0.04,
        "NRBC％（/100WBC)": 0.3,
        "NEUT％": 3.1,
        "LYMPH％": 92.7,
        "MONO％": 3.9,
        "EO％": 0.1,
        "BASO％": 0.2,
        "IG﹟(109/L)": 0.03,
        "IG％": 0.3
    },
    "淋巴类别": {
        "Blasts/Abn Ly": 210.0,
        "Atypical": 30.0,
        "Atypical.1": 20.0,
        "Blasts": 220.0,
        "Abn Ly": 164.82608695652175
    },
    "血常规通道参数": {
        "WNR-X": 163.8,
        "WNR-Y": 107.3,
        "WNR-Z": 81.0,
        "WPC-X": 70.35796460176992,
        "WPC-Y": 167.4270353982301,
        "WPC-Z": 86.76327433628319,
        "HFLC%": 0.3,
        "WBC": 11.99,
        "NE-SSC": 149.8,
        "NE-SFL": 46.2,
        "NE-FSC": 84.1,
        "LY-X": 81.9,
        "LY-Y": 59.8,
        "LY-Z": 58.2,
        "MO-X": 102.6,
        "MO-Y": 80.0,
        "MO-Z": 65.7,
        "NE-WX": 447.0,
        "NE-WY": 1277.0,
        "NE-WZ": 749.0,
        "LY-WX": 574.0,
        "LY-WY": 803.0,
        "LY-WZ": 550.0,
        "MO-WX": 244.0,
        "MO-WY": 700.0,
        "MO-WZ": 563.0
    },
    "镜检": 4,
    "label": 0
}