{
    "基础信息": {
        "住院号": 554477,
        "条码号": 20530289600,
        "序号": 1160
    },
    "图片路径": "../acute_arms/1160.png",
    "临床": {
        "发热": 1,
        "关节及骨骼痛": 1,
        "出血": 0,
        "贫血": 0,
        "器官肿大": 0,
        "中枢神经系统症状": 0,
        "腹痛": 0,
        "咳嗽": 0,
        "皮疹": 0
    },
    "生化": {
        "乳酸脱氢酶LDH": 11520.0,
        "铁蛋白Fer": 3603.8
    },
    "血常规报告参数": {
        "性别(男1女2）": 2.0,
        "年龄": 8.7,
        "WBC(109/L)": 14.25,
        "RBC(1012/L)": 3.17,
        "HGB(g/L)": 89.0,
        "HCT(％）": 28.7,
        "MCV(fL)": 90.5,
        "MCH(pg)": 28.1,
        "MCHC(g/L)": 310.0,
        "PLT(109/L)": 91.0,
        "RDW-SD(fL)": 55.8,
        "RDW-CV(％）": 17.4,
        "PDW（fL)": 17.0,
        "MPV(fL)": 10.9,
        "P-LCR(％）": 34.0,
        "PCT(％）": 0.1,
        "NRBC﹟(109/L)": 0.36,
        "NRBC％（/100WBC)": 2.5,
        "NEUT％": 15.5,
        "LYMPH％": 78.5,
        "MONO％": 4.9,
        "EO％": 0.3,
        "BASO％": 0.8,
        "IG﹟(109/L)": 0.16,
        "IG％": 1.1
    },
    "淋巴类别": {
        "Blasts/Abn Ly": 290.0,
        "Atypical": 40.0,
        "Atypical.1": 50.0,
        "Blasts": 260.0,
        "Abn Ly": 260.0
    },
    "血常规通道参数": {
        "WNR-X": 167.6,
        "WNR-Y": 101.4,
        "WNR-Z": 86.0,
        "WPC-X": 70.35796460176992,
        "WPC-Y": 167.4270353982301,
        "WPC-Z": 86.76327433628319,
        "HFLC%": 0.0,
        "WBC": 14.09,
        "NE-SSC": 148.7,
        "NE-SFL": 44.9,
        "NE-FSC": 84.4,
        "LY-X": 81.8,
        "LY-Y": 62.3,
        "LY-Z": 61.1,
        "MO-X": 106.4,
        "MO-Y": 108.8,
        "MO-Z": 70.7,
        "NE-WX": 350.0,
        "NE-WY": 957.0,
        "NE-WZ": 592.0,
        "LY-WX": 660.0,
        "LY-WY": 947.0,
        "LY-WZ": 654.0,
        "MO-WX": 545.0,
        "MO-WY": 754.0,
        "MO-WZ": 990.0
    },
    "镜检": 50,
    "label": 0
}