{
    "基础信息": {
        "住院号": 528638,
        "条码号": 20392759300,
        "序号": 1162
    },
    "图片路径": "../acute_arms/1162.png",
    "临床": {
        "发热": 1,
        "关节及骨骼痛": 0,
        "出血": 0,
        "贫血": 0,
        "器官肿大": 0,
        "中枢神经系统症状": 0,
        "腹痛": 0,
        "咳嗽": 0,
        "皮疹": 0
    },
    "生化": {
        "乳酸脱氢酶LDH": 311.0,
        "铁蛋白Fer": 226.97
    },
    "血常规报告参数": {
        "性别(男1女2）": 1.0,
        "年龄": 1.5,
        "WBC(109/L)": 5.23,
        "RBC(1012/L)": 2.65,
        "HGB(g/L)": 72.0,
        "HCT(％）": 20.3,
        "MCV(fL)": 76.6,
        "MCH(pg)": 27.2,
        "MCHC(g/L)": 355.0,
        "PLT(109/L)": 78.0,
        "RDW-SD(fL)": 35.0,
        "RDW-CV(％）": 12.8,
        "PDW（fL)": 9.9,
        "MPV(fL)": 9.7,
        "P-LCR(％）": 21.8,
        "PCT(％）": 0.08,
        "NRBC﹟(109/L)": 0.0,
        "NRBC％（/100WBC)": 0.0,
        "NEUT％": 6.1,
        "LYMPH％": 89.3,
        "MONO％": 3.1,
        "EO％": 1.5,
        "BASO％": 0.0,
        "IG﹟(109/L)": 0.04,
        "IG％": 0.8
    },
    "淋巴类别": {
        "Blasts/Abn Ly": 190.0,
        "Atypical": 70.0,
        "Atypical.1": 52.25941422594142,
        "Blasts": 69.35344827586206,
        "Abn Ly": 164.82608695652175
    },
    "血常规通道参数": {
        "WNR-X": 172.7,
        "WNR-Y": 104.6,
        "WNR-Z": 82.4,
        "WPC-X": 70.35796460176992,
        "WPC-Y": 167.4270353982301,
        "WPC-Z": 86.76327433628319,
        "HFLC%": 0.0,
        "WBC": 5.23,
        "NE-SSC": 156.1,
        "NE-SFL": 55.3,
        "NE-FSC": 91.9,
        "LY-X": 77.7,
        "LY-Y": 65.2,
        "LY-Z": 61.0,
        "MO-X": 114.1,
        "MO-Y": 118.0,
        "MO-Z": 70.9,
        "NE-WX": 301.0,
        "NE-WY": 651.0,
        "NE-WZ": 490.0,
        "LY-WX": 605.0,
        "LY-WY": 951.0,
        "LY-WZ": 508.0,
        "MO-WX": 438.0,
        "MO-WY": 381.0,
        "MO-WZ": 775.0
    },
    "镜检": 1,
    "label": 0
}