{
    "基础信息": {
        "住院号": 530626,
        "条码号": 20400944100,
        "序号": 1165
    },
    "图片路径": "../acute_arms/1165.png",
    "临床": {
        "发热": 1,
        "关节及骨骼痛": 1,
        "出血": 0,
        "贫血": 1,
        "器官肿大": 0,
        "中枢神经系统症状": 0,
        "腹痛": 0,
        "咳嗽": 0,
        "皮疹": 0
    },
    "生化": {
        "乳酸脱氢酶LDH": 310.0,
        "铁蛋白Fer": 685.84
    },
    "血常规报告参数": {
        "性别(男1女2）": 1.0,
        "年龄": 3.1,
        "WBC(109/L)": 15.69,
        "RBC(1012/L)": 3.68,
        "HGB(g/L)": 95.0,
        "HCT(％）": 19.5,
        "MCV(fL)": 80.2,
        "MCH(pg)": 25.8,
        "MCHC(g/L)": 322.0,
        "PLT(109/L)": 15.0,
        "RDW-SD(fL)": 56.9,
        "RDW-CV(％）": 19.5,
        "PDW（fL)": 11.718354,
        "MPV(fL)": 10.420886,
        "P-LCR(％）": 27.943037,
        "PCT(％）": 0.12753165,
        "NRBC﹟(109/L)": 0.01,
        "NRBC％（/100WBC)": 0.1,
        "NEUT％": 2.1,
        "LYMPH％": 66.01167,
        "MONO％": 13.67052,
        "EO％": 0.0,
        "BASO％": 0.1,
        "IG﹟(109/L)": 0.01,
        "IG％": 0.1
    },
    "淋巴类别": {
        "Blasts/Abn Ly": 260.0,
        "Atypical": 60.0,
        "Atypical.1": 70.0,
        "Blasts": 280.0,
        "Abn Ly": 0.0
    },
    "血常规通道参数": {
        "WNR-X": 176.0,
        "WNR-Y": 108.7,
        "WNR-Z": 93.7,
        "WPC-X": 71.2,
        "WPC-Y": 148.8,
        "WPC-Z": 95.0,
        "HFLC%": 0.6,
        "WBC": 15.93,
        "NE-SSC": 147.0,
        "NE-SFL": 54.4,
        "NE-FSC": 78.3,
        "LY-X": 87.9,
        "LY-Y": 69.8,
        "LY-Z": 63.4,
        "MO-X": 104.5,
        "MO-Y": 94.4,
        "MO-Z": 70.4,
        "NE-WX": 41.0,
        "NE-WY": 257.0,
        "NE-WZ": 281.0,
        "LY-WX": 512.0,
        "LY-WY": 889.0,
        "LY-WZ": 568.0,
        "MO-WX": 230.0,
        "MO-WY": 1049.0,
        "MO-WZ": 525.0
    },
    "镜检": 61,
    "label": 0
}