{
    "基础信息": {
        "住院号": 494774,
        "条码号": 20404950000,
        "序号": 1169
    },
    "图片路径": "../acute_arms/1169.png",
    "临床": {
        "发热": 1,
        "关节及骨骼痛": 1,
        "出血": 1,
        "贫血": 1,
        "器官肿大": 0,
        "中枢神经系统症状": 0,
        "腹痛": 0,
        "咳嗽": 0,
        "皮疹": 0
    },
    "生化": {
        "乳酸脱氢酶LDH": 304.0,
        "铁蛋白Fer": 406.51
    },
    "血常规报告参数": {
        "性别(男1女2）": 2.0,
        "年龄": 4.2,
        "WBC(109/L)": 7.04,
        "RBC(1012/L)": 3.0,
        "HGB(g/L)": 93.0,
        "HCT(％）": 27.4,
        "MCV(fL)": 91.3,
        "MCH(pg)": 31.0,
        "MCHC(g/L)": 339.0,
        "PLT(109/L)": 47.0,
        "RDW-SD(fL)": 50.5,
        "RDW-CV(％）": 15.9,
        "PDW（fL)": 11.718354,
        "MPV(fL)": 10.420886,
        "P-LCR(％）": 27.943037,
        "PCT(％）": 0.12753165,
        "NRBC﹟(109/L)": 0.02,
        "NRBC％（/100WBC)": 0.3,
        "NEUT％": 10.3,
        "LYMPH％": 61.9,
        "MONO％": 27.4,
        "EO％": 0.3,
        "BASO％": 0.1,
        "IG﹟(109/L)": 0.04,
        "IG％": 0.6
    },
    "淋巴类别": {
        "Blasts/Abn Ly": 300.0,
        "Atypical": 300.0,
        "Atypical.1": 52.25941422594142,
        "Blasts": 69.35344827586206,
        "Abn Ly": 164.82608695652175
    },
    "血常规通道参数": {
        "WNR-X": 185.6,
        "WNR-Y": 106.0,
        "WNR-Z": 103.9,
        "WPC-X": 70.35796460176992,
        "WPC-Y": 167.4270353982301,
        "WPC-Z": 86.76327433628319,
        "HFLC%": 0.0,
        "WBC": 7.04,
        "NE-SSC": 153.2,
        "NE-SFL": 52.8,
        "NE-FSC": 92.8,
        "LY-X": 97.6,
        "LY-Y": 105.1,
        "LY-Z": 73.4,
        "MO-X": 117.2,
        "MO-Y": 136.5,
        "MO-Z": 85.7,
        "NE-WX": 340.0,
        "NE-WY": 795.0,
        "NE-WZ": 614.0,
        "LY-WX": 522.0,
        "LY-WY": 808.0,
        "LY-WZ": 681.0,
        "MO-WX": 367.0,
        "MO-WY": 894.0,
        "MO-WZ": 665.0
    },
    "镜检": 50,
    "label": 0
}