{
    "基础信息": {
        "住院号": 530819,
        "条码号": 20405852300,
        "序号": 1170
    },
    "图片路径": "../acute_arms/1170.png",
    "临床": {
        "发热": 0,
        "关节及骨骼痛": 0,
        "出血": 0,
        "贫血": 1,
        "器官肿大": 1,
        "中枢神经系统症状": 0,
        "腹痛": 0,
        "咳嗽": 0,
        "皮疹": 0
    },
    "生化": {
        "乳酸脱氢酶LDH": 639.0,
        "铁蛋白Fer": 50.59
    },
    "血常规报告参数": {
        "性别(男1女2）": 1.0,
        "年龄": 2.5,
        "WBC(109/L)": 9.91,
        "RBC(1012/L)": 3.32,
        "HGB(g/L)": 91.0,
        "HCT(％）": 27.7,
        "MCV(fL)": 83.4,
        "MCH(pg)": 27.4,
        "MCHC(g/L)": 329.0,
        "PLT(109/L)": 300.0,
        "RDW-SD(fL)": 39.7,
        "RDW-CV(％）": 13.2,
        "PDW（fL)": 10.8,
        "MPV(fL)": 10.0,
        "P-LCR(％）": 23.9,
        "PCT(％）": 0.3,
        "NRBC﹟(109/L)": 0.01,
        "NRBC％（/100WBC)": 0.1,
        "NEUT％": 22.9,
        "LYMPH％": 72.5,
        "MONO％": 4.4,
        "EO％": 0.0,
        "BASO％": 0.2,
        "IG﹟(109/L)": 0.02,
        "IG％": 0.2
    },
    "淋巴类别": {
        "Blasts/Abn Ly": 160.0,
        "Atypical": 20.0,
        "Atypical.1": 52.25941422594142,
        "Blasts": 69.35344827586206,
        "Abn Ly": 164.82608695652175
    },
    "血常规通道参数": {
        "WNR-X": 166.3,
        "WNR-Y": 103.0,
        "WNR-Z": 82.2,
        "WPC-X": 70.35796460176992,
        "WPC-Y": 167.4270353982301,
        "WPC-Z": 86.76327433628319,
        "HFLC%": 0.0,
        "WBC": 9.91,
        "NE-SSC": 154.8,
        "NE-SFL": 49.4,
        "NE-FSC": 86.6,
        "LY-X": 79.7,
        "LY-Y": 67.5,
        "LY-Z": 62.8,
        "MO-X": 104.6,
        "MO-Y": 113.4,
        "MO-Z": 68.9,
        "NE-WX": 336.0,
        "NE-WY": 587.0,
        "NE-WZ": 577.0,
        "LY-WX": 552.0,
        "LY-WY": 978.0,
        "LY-WZ": 541.0,
        "MO-WX": 459.0,
        "MO-WY": 688.0,
        "MO-WZ": 653.0
    },
    "镜检": 36,
    "label": 0
}