{
    "基础信息": {
        "住院号": 531028,
        "条码号": 20405978400,
        "序号": 1171
    },
    "图片路径": "../acute_arms/1171.png",
    "临床": {
        "发热": 1,
        "关节及骨骼痛": 0,
        "出血": 0,
        "贫血": 0,
        "器官肿大": 0,
        "中枢神经系统症状": 0,
        "腹痛": 0,
        "咳嗽": 0,
        "皮疹": 0
    },
    "生化": {
        "乳酸脱氢酶LDH": 1420.0,
        "铁蛋白Fer": 237.42
    },
    "血常规报告参数": {
        "性别(男1女2）": 1.0,
        "年龄": 5.1,
        "WBC(109/L)": 1.45,
        "RBC(1012/L)": 3.0,
        "HGB(g/L)": 82.0,
        "HCT(％）": 24.8,
        "MCV(fL)": 82.7,
        "MCH(pg)": 27.3,
        "MCHC(g/L)": 331.0,
        "PLT(109/L)": 72.0,
        "RDW-SD(fL)": 45.3,
        "RDW-CV(％）": 15.3,
        "PDW（fL)": 9.4,
        "MPV(fL)": 9.0,
        "P-LCR(％）": 16.3,
        "PCT(％）": 0.06,
        "NRBC﹟(109/L)": 0.0,
        "NRBC％（/100WBC)": 0.0,
        "NEUT％": 20.7,
        "LYMPH％": 75.9,
        "MONO％": 3.4,
        "EO％": 0.0,
        "BASO％": 0.0,
        "IG﹟(109/L)": 0.02,
        "IG％": 1.4
    },
    "淋巴类别": {
        "Blasts/Abn Ly": 290.0,
        "Atypical": 80.0,
        "Atypical.1": 52.25941422594142,
        "Blasts": 69.35344827586206,
        "Abn Ly": 164.82608695652175
    },
    "血常规通道参数": {
        "WNR-X": 168.0,
        "WNR-Y": 98.4,
        "WNR-Z": 83.9,
        "WPC-X": 70.35796460176992,
        "WPC-Y": 167.4270353982301,
        "WPC-Z": 86.76327433628319,
        "HFLC%": 0.7,
        "WBC": 1.45,
        "NE-SSC": 151.3,
        "NE-SFL": 46.2,
        "NE-FSC": 81.4,
        "LY-X": 83.7,
        "LY-Y": 65.0,
        "LY-Z": 59.0,
        "MO-X": 103.6,
        "MO-Y": 80.2,
        "MO-Z": 63.2,
        "NE-WX": 430.0,
        "NE-WY": 714.0,
        "NE-WZ": 651.0,
        "LY-WX": 526.0,
        "LY-WY": 816.0,
        "LY-WZ": 492.0,
        "MO-WX": 241.0,
        "MO-WY": 773.0,
        "MO-WZ": 649.0
    },
    "镜检": 24,
    "label": 0
}