{
    "基础信息": {
        "住院号": 531951,
        "条码号": 20410511700,
        "序号": 1176
    },
    "图片路径": "../acute_arms/1176.png",
    "临床": {
        "发热": 0,
        "关节及骨骼痛": 0,
        "出血": 0,
        "贫血": 0,
        "器官肿大": 1,
        "中枢神经系统症状": 0,
        "腹痛": 0,
        "咳嗽": 0,
        "皮疹": 0
    },
    "生化": {
        "乳酸脱氢酶LDH": 1777.0,
        "铁蛋白Fer": 205.52
    },
    "血常规报告参数": {
        "性别(男1女2）": 2.0,
        "年龄": 2.0,
        "WBC(109/L)": 2.52,
        "RBC(1012/L)": 2.78,
        "HGB(g/L)": 75.0,
        "HCT(％）": 24.0,
        "MCV(fL)": 86.3,
        "MCH(pg)": 27.0,
        "MCHC(g/L)": 313.0,
        "PLT(109/L)": 72.0,
        "RDW-SD(fL)": 61.1,
        "RDW-CV(％）": 21.2,
        "PDW（fL)": 9.1,
        "MPV(fL)": 9.7,
        "P-LCR(％）": 21.8,
        "PCT(％）": 0.07,
        "NRBC﹟(109/L)": 0.01,
        "NRBC％（/100WBC)": 0.4,
        "NEUT％": 36.1,
        "LYMPH％": 53.2,
        "MONO％": 10.7,
        "EO％": 0.0,
        "BASO％": 0.0,
        "IG﹟(109/L)": 0.03,
        "IG％": 1.2
    },
    "淋巴类别": {
        "Blasts/Abn Ly": 70.0,
        "Atypical": 50.0,
        "Atypical.1": 110.0,
        "Blasts": 69.35344827586206,
        "Abn Ly": 164.82608695652175
    },
    "血常规通道参数": {
        "WNR-X": 175.2,
        "WNR-Y": 103.3,
        "WNR-Z": 89.6,
        "WPC-X": 70.35796460176992,
        "WPC-Y": 167.4270353982301,
        "WPC-Z": 86.76327433628319,
        "HFLC%": 0.8,
        "WBC": 2.45,
        "NE-SSC": 145.5,
        "NE-SFL": 58.8,
        "NE-FSC": 91.6,
        "LY-X": 81.6,
        "LY-Y": 75.3,
        "LY-Z": 66.5,
        "MO-X": 122.3,
        "MO-Y": 135.6,
        "MO-Z": 74.5,
        "NE-WX": 298.0,
        "NE-WY": 528.0,
        "NE-WZ": 589.0,
        "LY-WX": 478.0,
        "LY-WY": 1036.0,
        "LY-WZ": 497.0,
        "MO-WX": 237.0,
        "MO-WY": 583.0,
        "MO-WZ": 456.0
    },
    "镜检": 5,
    "label": 0
}