{
    "基础信息": {
        "住院号": 533544,
        "条码号": 20421346000,
        "序号": 1178
    },
    "图片路径": "../acute_arms/1178.png",
    "临床": {
        "发热": 0,
        "关节及骨骼痛": 1,
        "出血": 1,
        "贫血": 0,
        "器官肿大": 0,
        "中枢神经系统症状": 0,
        "腹痛": 0,
        "咳嗽": 0,
        "皮疹": 0
    },
    "生化": {
        "乳酸脱氢酶LDH": 288.0,
        "铁蛋白Fer": 933.02454
    },
    "血常规报告参数": {
        "性别(男1女2）": 2.0,
        "年龄": 3.7,
        "WBC(109/L)": 7.94,
        "RBC(1012/L)": 4.46,
        "HGB(g/L)": 118.0,
        "HCT(％）": 35.6,
        "MCV(fL)": 79.8,
        "MCH(pg)": 26.5,
        "MCHC(g/L)": 331.0,
        "PLT(109/L)": 438.0,
        "RDW-SD(fL)": 41.1,
        "RDW-CV(％）": 14.3,
        "PDW（fL)": 8.3,
        "MPV(fL)": 8.8,
        "P-LCR(％）": 14.9,
        "PCT(％）": 0.39,
        "NRBC﹟(109/L)": 0.0,
        "NRBC％（/100WBC)": 0.0,
        "NEUT％": 28.7,
        "LYMPH％": 66.8,
        "MONO％": 3.5,
        "EO％": 0.4,
        "BASO％": 0.6,
        "IG﹟(109/L)": 0.19,
        "IG％": 2.4
    },
    "淋巴类别": {
        "Blasts/Abn Ly": 180.0,
        "Atypical": 50.0,
        "Atypical.1": 52.25941422594142,
        "Blasts": 69.35344827586206,
        "Abn Ly": 164.82608695652175
    },
    "血常规通道参数": {
        "WNR-X": 157.0,
        "WNR-Y": 105.6,
        "WNR-Z": 83.5,
        "WPC-X": 70.35796460176992,
        "WPC-Y": 167.4270353982301,
        "WPC-Z": 86.76327433628319,
        "HFLC%": 0.0,
        "WBC": 7.94,
        "NE-SSC": 153.7,
        "NE-SFL": 46.0,
        "NE-FSC": 90.1,
        "LY-X": 78.9,
        "LY-Y": 67.1,
        "LY-Z": 59.9,
        "MO-X": 117.6,
        "MO-Y": 122.4,
        "MO-Z": 68.7,
        "NE-WX": 377.0,
        "NE-WY": 718.0,
        "NE-WZ": 621.0,
        "LY-WX": 672.0,
        "LY-WY": 1044.0,
        "LY-WZ": 635.0,
        "MO-WX": 383.0,
        "MO-WY": 678.0,
        "MO-WZ": 713.0
    },
    "镜检": 7,
    "label": 0
}