{
    "基础信息": {
        "住院号": 534613,
        "条码号": 20421357100,
        "序号": 1179
    },
    "图片路径": "../acute_arms/1179.png",
    "临床": {
        "发热": 0,
        "关节及骨骼痛": 1,
        "出血": 1,
        "贫血": 1,
        "器官肿大": 0,
        "中枢神经系统症状": 0,
        "腹痛": 0,
        "咳嗽": 0,
        "皮疹": 0
    },
    "生化": {
        "乳酸脱氢酶LDH": 1291.0,
        "铁蛋白Fer": 2095.87
    },
    "血常规报告参数": {
        "性别(男1女2）": 2.0,
        "年龄": 9.6,
        "WBC(109/L)": 147.13,
        "RBC(1012/L)": 2.32,
        "HGB(g/L)": 69.0,
        "HCT(％）": 22.6,
        "MCV(fL)": 97.4,
        "MCH(pg)": 29.7,
        "MCHC(g/L)": 305.0,
        "PLT(109/L)": 62.0,
        "RDW-SD(fL)": 61.0,
        "RDW-CV(％）": 18.5,
        "PDW（fL)": 13.2,
        "MPV(fL)": 10.8,
        "P-LCR(％）": 31.1,
        "PCT(％）": 0.07,
        "NRBC﹟(109/L)": 0.14,
        "NRBC％（/100WBC)": 0.1,
        "NEUT％": 18.289114,
        "LYMPH％": 66.01167,
        "MONO％": 13.67052,
        "EO％": 0.0,
        "BASO％": 0.5,
        "IG﹟(109/L)": 0.28725663,
        "IG％": 1.1150442
    },
    "淋巴类别": {
        "Blasts/Abn Ly": 300.0,
        "Atypical": 300.0,
        "Atypical.1": 0.0,
        "Blasts": 0.0,
        "Abn Ly": 300.0
    },
    "血常规通道参数": {
        "WNR-X": 185.5,
        "WNR-Y": 104.0,
        "WNR-Z": 102.3,
        "WPC-X": 71.7,
        "WPC-Y": 172.8,
        "WPC-Z": 84.9,
        "HFLC%": 0.8,
        "WBC": 145.6,
        "NE-SSC": 139.2,
        "NE-SFL": 52.2,
        "NE-FSC": 75.6,
        "LY-X": 83.6,
        "LY-Y": 58.2,
        "LY-Z": 57.4,
        "MO-X": 115.9,
        "MO-Y": 120.1,
        "MO-Z": 68.6,
        "NE-WX": 632.0,
        "NE-WY": 2814.0,
        "NE-WZ": 1006.0,
        "LY-WX": 550.0,
        "LY-WY": 1322.0,
        "LY-WZ": 627.0,
        "MO-WX": 431.0,
        "MO-WY": 1265.0,
        "MO-WZ": 642.0
    },
    "镜检": 60,
    "label": 0
}