{
    "基础信息": {
        "住院号": 534968,
        "条码号": 20423312600,
        "序号": 1180
    },
    "图片路径": "../acute_arms/1180.png",
    "临床": {
        "发热": 0,
        "关节及骨骼痛": 0,
        "出血": 1,
        "贫血": 0,
        "器官肿大": 0,
        "中枢神经系统症状": 0,
        "腹痛": 0,
        "咳嗽": 0,
        "皮疹": 0
    },
    "生化": {
        "乳酸脱氢酶LDH": 2962.0,
        "铁蛋白Fer": 350.57
    },
    "血常规报告参数": {
        "性别(男1女2）": 2.0,
        "年龄": 0.2,
        "WBC(109/L)": 745.92,
        "RBC(1012/L)": 2.64,
        "HGB(g/L)": 70.0,
        "HCT(％）": 24.9,
        "MCV(fL)": 94.3,
        "MCH(pg)": 26.5,
        "MCHC(g/L)": 281.0,
        "PLT(109/L)": 19.0,
        "RDW-SD(fL)": 48.3,
        "RDW-CV(％）": 24.5,
        "PDW（fL)": 14.5,
        "MPV(fL)": 10.0,
        "P-LCR(％）": 29.6,
        "PCT(％）": 0.02,
        "NRBC﹟(109/L)": 0.39,
        "NRBC％（/100WBC)": 0.1,
        "NEUT％": 18.289114,
        "LYMPH％": 66.01167,
        "MONO％": 13.67052,
        "EO％": 0.0,
        "BASO％": 2.5,
        "IG﹟(109/L)": 0.28725663,
        "IG％": 1.1150442
    },
    "淋巴类别": {
        "Blasts/Abn Ly": 300.0,
        "Atypical": 0.0,
        "Atypical.1": 0.0,
        "Blasts": 0.0,
        "Abn Ly": 300.0
    },
    "血常规通道参数": {
        "WNR-X": 183.8,
        "WNR-Y": 108.1,
        "WNR-Z": 97.1,
        "WPC-X": 69.4,
        "WPC-Y": 141.5,
        "WPC-Z": 91.9,
        "HFLC%": 0.2,
        "WBC": 733.74,
        "NE-SSC": 151.4,
        "NE-SFL": 43.2,
        "NE-FSC": 85.7,
        "LY-X": 78.5,
        "LY-Y": 50.1,
        "LY-Z": 58.0,
        "MO-X": 108.7,
        "MO-Y": 107.8,
        "MO-Z": 68.6,
        "NE-WX": 515.0,
        "NE-WY": 2409.0,
        "NE-WZ": 1214.0,
        "LY-WX": 649.0,
        "LY-WY": 1596.0,
        "LY-WZ": 621.0,
        "MO-WX": 340.0,
        "MO-WY": 1095.0,
        "MO-WZ": 1253.0
    },
    "镜检": 92,
    "label": 0
}