{
    "基础信息": {
        "住院号": 534613,
        "条码号": 20424995600,
        "序号": 1183
    },
    "图片路径": "../acute_arms/1183.png",
    "临床": {
        "发热": 0,
        "关节及骨骼痛": 1,
        "出血": 0,
        "贫血": 1,
        "器官肿大": 0,
        "中枢神经系统症状": 0,
        "腹痛": 0,
        "咳嗽": 0,
        "皮疹": 0
    },
    "生化": {
        "乳酸脱氢酶LDH": 1291.0,
        "铁蛋白Fer": 2095.87
    },
    "血常规报告参数": {
        "性别(男1女2）": 2.0,
        "年龄": 9.6,
        "WBC(109/L)": 153.94,
        "RBC(1012/L)": 3.06,
        "HGB(g/L)": 91.0,
        "HCT(％）": 28.4,
        "MCV(fL)": 92.8,
        "MCH(pg)": 29.7,
        "MCHC(g/L)": 320.0,
        "PLT(109/L)": 80.0,
        "RDW-SD(fL)": 53.0,
        "RDW-CV(％）": 17.1,
        "PDW（fL)": 12.2,
        "MPV(fL)": 10.2,
        "P-LCR(％）": 28.0,
        "PCT(％）": 0.08,
        "NRBC﹟(109/L)": 0.13,
        "NRBC％（/100WBC)": 0.1,
        "NEUT％": 18.289114,
        "LYMPH％": 66.01167,
        "MONO％": 13.67052,
        "EO％": 0.0,
        "BASO％": 0.8,
        "IG﹟(109/L)": 0.28725663,
        "IG％": 1.1150442
    },
    "淋巴类别": {
        "Blasts/Abn Ly": 300.0,
        "Atypical": 300.0,
        "Atypical.1": 0.0,
        "Blasts": 0.0,
        "Abn Ly": 300.0
    },
    "血常规通道参数": {
        "WNR-X": 177.6,
        "WNR-Y": 103.2,
        "WNR-Z": 99.4,
        "WPC-X": 69.8,
        "WPC-Y": 172.7,
        "WPC-Z": 87.7,
        "HFLC%": 0.5,
        "WBC": 153.97,
        "NE-SSC": 144.8,
        "NE-SFL": 52.9,
        "NE-FSC": 78.2,
        "LY-X": 81.5,
        "LY-Y": 62.5,
        "LY-Z": 57.2,
        "MO-X": 113.6,
        "MO-Y": 115.5,
        "MO-Z": 66.7,
        "NE-WX": 580.0,
        "NE-WY": 2648.0,
        "NE-WZ": 947.0,
        "LY-WX": 565.0,
        "LY-WY": 1329.0,
        "LY-WZ": 629.0,
        "MO-WX": 458.0,
        "MO-WY": 1394.0,
        "MO-WZ": 644.0
    },
    "镜检": 43,
    "label": 0
}