{
    "基础信息": {
        "住院号": 538484,
        "条码号": 20442208000,
        "序号": 1191
    },
    "图片路径": "../acute_arms/1191.png",
    "临床": {
        "发热": 1,
        "关节及骨骼痛": 0,
        "出血": 1,
        "贫血": 0,
        "器官肿大": 0,
        "中枢神经系统症状": 0,
        "腹痛": 0,
        "咳嗽": 0,
        "皮疹": 0
    },
    "生化": {
        "乳酸脱氢酶LDH": 454.0,
        "铁蛋白Fer": 308.39
    },
    "血常规报告参数": {
        "性别(男1女2）": 1.0,
        "年龄": 5.3,
        "WBC(109/L)": 3.71,
        "RBC(1012/L)": 3.31,
        "HGB(g/L)": 91.0,
        "HCT(％）": 25.9,
        "MCV(fL)": 78.2,
        "MCH(pg)": 27.5,
        "MCHC(g/L)": 351.0,
        "PLT(109/L)": 13.0,
        "RDW-SD(fL)": 40.0,
        "RDW-CV(％）": 14.4,
        "PDW（fL)": 11.718354,
        "MPV(fL)": 10.420886,
        "P-LCR(％）": 27.943037,
        "PCT(％）": 0.12753165,
        "NRBC﹟(109/L)": 0.02,
        "NRBC％（/100WBC)": 0.5,
        "NEUT％": 23.4,
        "LYMPH％": 67.7,
        "MONO％": 7.8,
        "EO％": 0.0,
        "BASO％": 1.1,
        "IG﹟(109/L)": 0.07,
        "IG％": 1.9
    },
    "淋巴类别": {
        "Blasts/Abn Ly": 140.0,
        "Atypical": 80.0,
        "Atypical.1": 190.0,
        "Blasts": 69.35344827586206,
        "Abn Ly": 164.82608695652175
    },
    "血常规通道参数": {
        "WNR-X": 170.5,
        "WNR-Y": 107.7,
        "WNR-Z": 88.8,
        "WPC-X": 70.35796460176992,
        "WPC-Y": 167.4270353982301,
        "WPC-Z": 86.76327433628319,
        "HFLC%": 1.1,
        "WBC": 3.71,
        "NE-SSC": 145.8,
        "NE-SFL": 54.2,
        "NE-FSC": 91.8,
        "LY-X": 82.7,
        "LY-Y": 71.5,
        "LY-Z": 59.6,
        "MO-X": 107.0,
        "MO-Y": 94.9,
        "MO-Z": 67.7,
        "NE-WX": 350.0,
        "NE-WY": 960.0,
        "NE-WZ": 599.0,
        "LY-WX": 702.0,
        "LY-WY": 825.0,
        "LY-WZ": 638.0,
        "MO-WX": 290.0,
        "MO-WY": 969.0,
        "MO-WZ": 650.0
    },
    "镜检": 34,
    "label": 0
}