{
    "基础信息": {
        "住院号": 538854,
        "条码号": 20446061900,
        "序号": 1195
    },
    "图片路径": "../acute_arms/1195.png",
    "临床": {
        "发热": 0,
        "关节及骨骼痛": 1,
        "出血": 0,
        "贫血": 0,
        "器官肿大": 0,
        "中枢神经系统症状": 0,
        "腹痛": 0,
        "咳嗽": 0,
        "皮疹": 0
    },
    "生化": {
        "乳酸脱氢酶LDH": 476.0,
        "铁蛋白Fer": 160.32
    },
    "血常规报告参数": {
        "性别(男1女2）": 2.0,
        "年龄": 3.7,
        "WBC(109/L)": 3.86,
        "RBC(1012/L)": 3.49,
        "HGB(g/L)": 86.0,
        "HCT(％）": 29.1,
        "MCV(fL)": 83.4,
        "MCH(pg)": 24.6,
        "MCHC(g/L)": 296.0,
        "PLT(109/L)": 208.0,
        "RDW-SD(fL)": 47.4,
        "RDW-CV(％）": 15.8,
        "PDW（fL)": 11.5,
        "MPV(fL)": 11.2,
        "P-LCR(％）": 31.9,
        "PCT(％）": 0.23,
        "NRBC﹟(109/L)": 0.02,
        "NRBC％（/100WBC)": 0.5,
        "NEUT％": 30.2,
        "LYMPH％": 63.0,
        "MONO％": 6.2,
        "EO％": 0.3,
        "BASO％": 0.3,
        "IG﹟(109/L)": 0.08,
        "IG％": 2.1
    },
    "淋巴类别": {
        "Blasts/Abn Ly": 0.0,
        "Atypical": 150.0,
        "Atypical.1": 52.25941422594142,
        "Blasts": 69.35344827586206,
        "Abn Ly": 164.82608695652175
    },
    "血常规通道参数": {
        "WNR-X": 165.9,
        "WNR-Y": 103.3,
        "WNR-Z": 84.3,
        "WPC-X": 70.35796460176992,
        "WPC-Y": 167.4270353982301,
        "WPC-Z": 86.76327433628319,
        "HFLC%": 0.0,
        "WBC": 3.86,
        "NE-SSC": 154.6,
        "NE-SFL": 50.3,
        "NE-FSC": 88.7,
        "LY-X": 81.8,
        "LY-Y": 72.4,
        "LY-Z": 60.9,
        "MO-X": 104.5,
        "MO-Y": 116.8,
        "MO-Z": 75.2,
        "NE-WX": 317.0,
        "NE-WY": 874.0,
        "NE-WZ": 722.0,
        "LY-WX": 562.0,
        "LY-WY": 898.0,
        "LY-WZ": 608.0,
        "MO-WX": 545.0,
        "MO-WY": 471.0,
        "MO-WZ": 625.0
    },
    "镜检": 3,
    "label": 0
}