{
    "基础信息": {
        "住院号": 538870,
        "条码号": 20446186000,
        "序号": 1196
    },
    "图片路径": "../acute_arms/1196.png",
    "临床": {
        "发热": 0,
        "关节及骨骼痛": 0,
        "出血": 0,
        "贫血": 0,
        "器官肿大": 1,
        "中枢神经系统症状": 0,
        "腹痛": 0,
        "咳嗽": 0,
        "皮疹": 0
    },
    "生化": {
        "乳酸脱氢酶LDH": 3694.0,
        "铁蛋白Fer": 1109.93
    },
    "血常规报告参数": {
        "性别(男1女2）": 1.0,
        "年龄": 4.4,
        "WBC(109/L)": 5.42,
        "RBC(1012/L)": 3.37,
        "HGB(g/L)": 81.0,
        "HCT(％）": 26.3,
        "MCV(fL)": 78.0,
        "MCH(pg)": 24.0,
        "MCHC(g/L)": 308.0,
        "PLT(109/L)": 72.0,
        "RDW-SD(fL)": 40.4,
        "RDW-CV(％）": 17.3,
        "PDW（fL)": 11.718354,
        "MPV(fL)": 10.420886,
        "P-LCR(％）": 27.943037,
        "PCT(％）": 0.12753165,
        "NRBC﹟(109/L)": 0.17,
        "NRBC％（/100WBC)": 3.1,
        "NEUT％": 37.7,
        "LYMPH％": 51.1,
        "MONO％": 10.5,
        "EO％": 0.0,
        "BASO％": 0.7,
        "IG﹟(109/L)": 0.26,
        "IG％": 4.8
    },
    "淋巴类别": {
        "Blasts/Abn Ly": 0.0,
        "Atypical": 130.0,
        "Atypical.1": 190.0,
        "Blasts": 69.35344827586206,
        "Abn Ly": 164.82608695652175
    },
    "血常规通道参数": {
        "WNR-X": 169.1,
        "WNR-Y": 3.21,
        "WNR-Z": 89.7,
        "WPC-X": 70.35796460176992,
        "WPC-Y": 167.4270353982301,
        "WPC-Z": 86.76327433628319,
        "HFLC%": 1.5,
        "WBC": 2.38,
        "NE-SSC": 146.2,
        "NE-SFL": 52.5,
        "NE-FSC": 84.5,
        "LY-X": 79.9,
        "LY-Y": 60.7,
        "LY-Z": 58.6,
        "MO-X": 122.2,
        "MO-Y": 126.9,
        "MO-Z": 65.1,
        "NE-WX": 485.0,
        "NE-WY": 1049.0,
        "NE-WZ": 817.0,
        "LY-WX": 767.0,
        "LY-WY": 1565.0,
        "LY-WZ": 801.0,
        "MO-WX": 213.0,
        "MO-WY": 733.0,
        "MO-WZ": 507.0
    },
    "镜检": 5,
    "label": 0
}