{
    "基础信息": {
        "住院号": 538484,
        "条码号": 20447969900,
        "序号": 1197
    },
    "图片路径": "../acute_arms/1197.png",
    "临床": {
        "发热": 1,
        "关节及骨骼痛": 0,
        "出血": 1,
        "贫血": 0,
        "器官肿大": 0,
        "中枢神经系统症状": 0,
        "腹痛": 0,
        "咳嗽": 0,
        "皮疹": 0
    },
    "生化": {
        "乳酸脱氢酶LDH": 454.0,
        "铁蛋白Fer": 308.39
    },
    "血常规报告参数": {
        "性别(男1女2）": 1.0,
        "年龄": 5.3,
        "WBC(109/L)": 1.17,
        "RBC(1012/L)": 3.45,
        "HGB(g/L)": 97.0,
        "HCT(％）": 27.4,
        "MCV(fL)": 79.4,
        "MCH(pg)": 28.1,
        "MCHC(g/L)": 354.0,
        "PLT(109/L)": 81.0,
        "RDW-SD(fL)": 42.9,
        "RDW-CV(％）": 14.9,
        "PDW（fL)": 12.5,
        "MPV(fL)": 11.4,
        "P-LCR(％）": 34.6,
        "PCT(％）": 0.09,
        "NRBC﹟(109/L)": 0.02,
        "NRBC％（/100WBC)": 1.7,
        "NEUT％": 36.7,
        "LYMPH％": 53.0,
        "MONO％": 9.4,
        "EO％": 0.0,
        "BASO％": 0.9,
        "IG﹟(109/L)": 0.01,
        "IG％": 0.9
    },
    "淋巴类别": {
        "Blasts/Abn Ly": 150.0,
        "Atypical": 0.0,
        "Atypical.1": 20.0,
        "Blasts": 69.35344827586206,
        "Abn Ly": 164.82608695652175
    },
    "血常规通道参数": {
        "WNR-X": 159.3,
        "WNR-Y": 101.4,
        "WNR-Z": 83.1,
        "WPC-X": 70.35796460176992,
        "WPC-Y": 167.4270353982301,
        "WPC-Z": 86.76327433628319,
        "HFLC%": 0.9,
        "WBC": 1.17,
        "NE-SSC": 146.9,
        "NE-SFL": 51.8,
        "NE-FSC": 88.2,
        "LY-X": 76.9,
        "LY-Y": 65.0,
        "LY-Z": 57.8,
        "MO-X": 104.6,
        "MO-Y": 82.0,
        "MO-Z": 66.4,
        "NE-WX": 320.0,
        "NE-WY": 772.0,
        "NE-WZ": 612.0,
        "LY-WX": 598.0,
        "LY-WY": 785.0,
        "LY-WZ": 571.0,
        "MO-WX": 430.0,
        "MO-WY": 939.0,
        "MO-WZ": 633.0
    },
    "镜检": 14,
    "label": 0
}