{
    "基础信息": {
        "住院号": 540595,
        "条码号": 20453937100,
        "序号": 1199
    },
    "图片路径": "../acute_arms/1199.png",
    "临床": {
        "发热": 0,
        "关节及骨骼痛": 0,
        "出血": 0,
        "贫血": 0,
        "器官肿大": 1,
        "中枢神经系统症状": 0,
        "腹痛": 0,
        "咳嗽": 0,
        "皮疹": 0
    },
    "生化": {
        "乳酸脱氢酶LDH": 260.4,
        "铁蛋白Fer": 47.16
    },
    "血常规报告参数": {
        "性别(男1女2）": 2.0,
        "年龄": 6.5,
        "WBC(109/L)": 9.27,
        "RBC(1012/L)": 3.85,
        "HGB(g/L)": 103.0,
        "HCT(％）": 31.6,
        "MCV(fL)": 82.1,
        "MCH(pg)": 26.8,
        "MCHC(g/L)": 326.0,
        "PLT(109/L)": 205.0,
        "RDW-SD(fL)": 39.2,
        "RDW-CV(％）": 13.2,
        "PDW（fL)": 10.3,
        "MPV(fL)": 10.3,
        "P-LCR(％）": 24.8,
        "PCT(％）": 0.21,
        "NRBC﹟(109/L)": 0.01,
        "NRBC％（/100WBC)": 0.1,
        "NEUT％": 16.3,
        "LYMPH％": 59.7,
        "MONO％": 3.1,
        "EO％": 20.7,
        "BASO％": 0.2,
        "IG﹟(109/L)": 0.01,
        "IG％": 0.1
    },
    "淋巴类别": {
        "Blasts/Abn Ly": 150.0,
        "Atypical": 10.0,
        "Atypical.1": 52.25941422594142,
        "Blasts": 69.35344827586206,
        "Abn Ly": 164.82608695652175
    },
    "血常规通道参数": {
        "WNR-X": 160.4,
        "WNR-Y": 99.1,
        "WNR-Z": 82.3,
        "WPC-X": 70.35796460176992,
        "WPC-Y": 167.4270353982301,
        "WPC-Z": 86.76327433628319,
        "HFLC%": 0.1,
        "WBC": 9.27,
        "NE-SSC": 151.4,
        "NE-SFL": 45.5,
        "NE-FSC": 84.1,
        "LY-X": 84.0,
        "LY-Y": 75.6,
        "LY-Z": 60.3,
        "MO-X": 117.6,
        "MO-Y": 124.1,
        "MO-Z": 65.6,
        "NE-WX": 324.0,
        "NE-WY": 572.0,
        "NE-WZ": 690.0,
        "LY-WX": 500.0,
        "LY-WY": 939.0,
        "LY-WZ": 547.0,
        "MO-WX": 289.0,
        "MO-WY": 604.0,
        "MO-WZ": 473.0
    },
    "镜检": 29,
    "label": 0
}