{
    "基础信息": {
        "住院号": 542110,
        "条码号": 20461884700,
        "序号": 1201
    },
    "图片路径": "../acute_arms/1201.png",
    "临床": {
        "发热": 0,
        "关节及骨骼痛": 0,
        "出血": 1,
        "贫血": 0,
        "器官肿大": 0,
        "中枢神经系统症状": 0,
        "腹痛": 0,
        "咳嗽": 0,
        "皮疹": 0
    },
    "生化": {
        "乳酸脱氢酶LDH": 1323.0,
        "铁蛋白Fer": 214.35
    },
    "血常规报告参数": {
        "性别(男1女2）": 2.0,
        "年龄": 2.0,
        "WBC(109/L)": 81.52,
        "RBC(1012/L)": 1.81,
        "HGB(g/L)": 51.0,
        "HCT(％）": 15.8,
        "MCV(fL)": 87.3,
        "MCH(pg)": 28.2,
        "MCHC(g/L)": 323.0,
        "PLT(109/L)": 14.0,
        "RDW-SD(fL)": 46.8,
        "RDW-CV(％）": 16.0,
        "PDW（fL)": 11.718354,
        "MPV(fL)": 10.420886,
        "P-LCR(％）": 27.943037,
        "PCT(％）": 0.12753165,
        "NRBC﹟(109/L)": 0.06,
        "NRBC％（/100WBC)": 0.1,
        "NEUT％": 3.2,
        "LYMPH％": 66.01167,
        "MONO％": 13.67052,
        "EO％": 0.0,
        "BASO％": 0.3,
        "IG﹟(109/L)": 0.05,
        "IG％": 0.1
    },
    "淋巴类别": {
        "Blasts/Abn Ly": 260.0,
        "Atypical": 0.0,
        "Atypical.1": 0.0,
        "Blasts": 0.0,
        "Abn Ly": 270.0
    },
    "血常规通道参数": {
        "WNR-X": 183.6,
        "WNR-Y": 101.5,
        "WNR-Z": 89.6,
        "WPC-X": 67.3,
        "WPC-Y": 172.1,
        "WPC-Z": 88.2,
        "HFLC%": 0.2,
        "WBC": 81.06,
        "NE-SSC": 152.5,
        "NE-SFL": 48.9,
        "NE-FSC": 91.7,
        "LY-X": 87.8,
        "LY-Y": 60.6,
        "LY-Z": 59.3,
        "MO-X": 105.4,
        "MO-Y": 88.2,
        "MO-Z": 64.3,
        "NE-WX": 492.0,
        "NE-WY": 1553.0,
        "NE-WZ": 698.0,
        "LY-WX": 467.0,
        "LY-WY": 808.0,
        "LY-WZ": 498.0,
        "MO-WX": 313.0,
        "MO-WY": 1122.0,
        "MO-WZ": 855.0
    },
    "镜检": 91,
    "label": 0
}