{
    "基础信息": {
        "住院号": 544134,
        "条码号": 20474014300,
        "序号": 1203
    },
    "图片路径": "../acute_arms/1203.png",
    "临床": {
        "发热": 1,
        "关节及骨骼痛": 0,
        "出血": 1,
        "贫血": 0,
        "器官肿大": 0,
        "中枢神经系统症状": 0,
        "腹痛": 0,
        "咳嗽": 0,
        "皮疹": 0
    },
    "生化": {
        "乳酸脱氢酶LDH": 1859.0,
        "铁蛋白Fer": 469.38
    },
    "血常规报告参数": {
        "性别(男1女2）": 2.0,
        "年龄": 3.8,
        "WBC(109/L)": 64.83,
        "RBC(1012/L)": 2.57,
        "HGB(g/L)": 71.0,
        "HCT(％）": 21.9,
        "MCV(fL)": 85.2,
        "MCH(pg)": 27.6,
        "MCHC(g/L)": 324.0,
        "PLT(109/L)": 17.0,
        "RDW-SD(fL)": 43.9,
        "RDW-CV(％）": 14.4,
        "PDW（fL)": 10.1,
        "MPV(fL)": 9.4,
        "P-LCR(％）": 24.9,
        "PCT(％）": 0.02,
        "NRBC﹟(109/L)": 0.03,
        "NRBC％（/100WBC)": 0.0,
        "NEUT％": 3.7,
        "LYMPH％": 66.01167,
        "MONO％": 13.67052,
        "EO％": 0.0,
        "BASO％": 0.2,
        "IG﹟(109/L)": 0.2,
        "IG％": 0.3
    },
    "淋巴类别": {
        "Blasts/Abn Ly": 300.0,
        "Atypical": 300.0,
        "Atypical.1": 52.25941422594142,
        "Blasts": 69.35344827586206,
        "Abn Ly": 164.82608695652175
    },
    "血常规通道参数": {
        "WNR-X": 180.9,
        "WNR-Y": 114.0,
        "WNR-Z": 92.1,
        "WPC-X": 70.35796460176992,
        "WPC-Y": 167.4270353982301,
        "WPC-Z": 86.76327433628319,
        "HFLC%": 0.4,
        "WBC": 64.83,
        "NE-SSC": 146.1,
        "NE-SFL": 48.9,
        "NE-FSC": 82.7,
        "LY-X": 82.8,
        "LY-Y": 69.7,
        "LY-Z": 65.0,
        "MO-X": 106.1,
        "MO-Y": 115.1,
        "MO-Z": 74.8,
        "NE-WX": 486.0,
        "NE-WY": 1207.0,
        "NE-WZ": 701.0,
        "LY-WX": 568.0,
        "LY-WY": 1190.0,
        "LY-WZ": 630.0,
        "MO-WX": 236.0,
        "MO-WY": 895.0,
        "MO-WZ": 829.0
    },
    "镜检": 78,
    "label": 0
}