{
    "基础信息": {
        "住院号": 524898,
        "条码号": 20493260300,
        "序号": 1205
    },
    "图片路径": "../acute_arms/1205.png",
    "临床": {
        "发热": 0,
        "关节及骨骼痛": 0,
        "出血": 1,
        "贫血": 0,
        "器官肿大": 0,
        "中枢神经系统症状": 0,
        "腹痛": 0,
        "咳嗽": 0,
        "皮疹": 0
    },
    "生化": {
        "乳酸脱氢酶LDH": 454.0,
        "铁蛋白Fer": 933.02454
    },
    "血常规报告参数": {
        "性别(男1女2）": 1.0,
        "年龄": 7.8,
        "WBC(109/L)": 32.09,
        "RBC(1012/L)": 4.06,
        "HGB(g/L)": 121.0,
        "HCT(％）": 35.1,
        "MCV(fL)": 86.5,
        "MCH(pg)": 29.8,
        "MCHC(g/L)": 345.0,
        "PLT(109/L)": 24.0,
        "RDW-SD(fL)": 40.2,
        "RDW-CV(％）": 12.8,
        "PDW（fL)": 11.718354,
        "MPV(fL)": 10.420886,
        "P-LCR(％）": 27.943037,
        "PCT(％）": 0.12753165,
        "NRBC﹟(109/L)": 0.05,
        "NRBC％（/100WBC)": 0.2,
        "NEUT％": 31.4,
        "LYMPH％": 66.01167,
        "MONO％": 13.67052,
        "EO％": 0.8,
        "BASO％": 0.5,
        "IG﹟(109/L)": 1.78,
        "IG％": 5.5
    },
    "淋巴类别": {
        "Blasts/Abn Ly": 300.0,
        "Atypical": 300.0,
        "Atypical.1": 0.0,
        "Blasts": 300.0,
        "Abn Ly": 0.0
    },
    "血常规通道参数": {
        "WNR-X": 174.9,
        "WNR-Y": 107.5,
        "WNR-Z": 107.8,
        "WPC-X": 78.3,
        "WPC-Y": 65.91,
        "WPC-Z": 88.1,
        "HFLC%": 1.0,
        "WBC": 31.68,
        "NE-SSC": 139.4,
        "NE-SFL": 43.2,
        "NE-FSC": 80.5,
        "LY-X": 83.5,
        "LY-Y": 71.3,
        "LY-Z": 61.7,
        "MO-X": 115.5,
        "MO-Y": 125.0,
        "MO-Z": 74.7,
        "NE-WX": 588.0,
        "NE-WY": 1852.0,
        "NE-WZ": 882.0,
        "LY-WX": 467.0,
        "LY-WY": 1094.0,
        "LY-WZ": 649.0,
        "MO-WX": 442.0,
        "MO-WY": 1280.0,
        "MO-WZ": 844.0
    },
    "镜检": 56,
    "label": 0
}