{
    "基础信息": {
        "住院号": 549411,
        "条码号": 20505845600,
        "序号": 1209
    },
    "图片路径": "../acute_arms/1209.png",
    "临床": {
        "发热": 1,
        "关节及骨骼痛": 0,
        "出血": 0,
        "贫血": 0,
        "器官肿大": 0,
        "中枢神经系统症状": 0,
        "腹痛": 0,
        "咳嗽": 0,
        "皮疹": 0
    },
    "生化": {
        "乳酸脱氢酶LDH": 5468.0,
        "铁蛋白Fer": 771.72
    },
    "血常规报告参数": {
        "性别(男1女2）": 1.0,
        "年龄": 2.1,
        "WBC(109/L)": 6.31,
        "RBC(1012/L)": 3.34,
        "HGB(g/L)": 81.0,
        "HCT(％）": 25.3,
        "MCV(fL)": 75.7,
        "MCH(pg)": 24.3,
        "MCHC(g/L)": 320.0,
        "PLT(109/L)": 100.0,
        "RDW-SD(fL)": 35.5,
        "RDW-CV(％）": 13.1,
        "PDW（fL)": 11.3,
        "MPV(fL)": 10.5,
        "P-LCR(％）": 28.7,
        "PCT(％）": 0.11,
        "NRBC﹟(109/L)": 0.46,
        "NRBC％（/100WBC)": 7.3,
        "NEUT％": 31.1,
        "LYMPH％": 53.6,
        "MONO％": 14.6,
        "EO％": 0.2,
        "BASO％": 0.5,
        "IG﹟(109/L)": 0.39,
        "IG％": 6.2
    },
    "淋巴类别": {
        "Blasts/Abn Ly": 300.0,
        "Atypical": 300.0,
        "Atypical.1": 52.25941422594142,
        "Blasts": 69.35344827586206,
        "Abn Ly": 164.82608695652175
    },
    "血常规通道参数": {
        "WNR-X": 170.8,
        "WNR-Y": 100.6,
        "WNR-Z": 89.3,
        "WPC-X": 70.35796460176992,
        "WPC-Y": 167.4270353982301,
        "WPC-Z": 86.76327433628319,
        "HFLC%": 0.0,
        "WBC": 6.31,
        "NE-SSC": 147.8,
        "NE-SFL": 42.5,
        "NE-FSC": 80.0,
        "LY-X": 74.5,
        "LY-Y": 57.7,
        "LY-Z": 55.6,
        "MO-X": 113.5,
        "MO-Y": 106.4,
        "MO-Z": 67.5,
        "NE-WX": 446.0,
        "NE-WY": 1366.0,
        "NE-WZ": 775.0,
        "LY-WX": 927.0,
        "LY-WY": 1109.0,
        "LY-WZ": 719.0,
        "MO-WX": 546.0,
        "MO-WY": 1109.0,
        "MO-WZ": 1067.0
    },
    "镜检": 17,
    "label": 0
}