{
    "基础信息": {
        "住院号": 495020,
        "条码号": 20506957200,
        "序号": 1210
    },
    "图片路径": "../acute_arms/1210.png",
    "临床": {
        "发热": 0,
        "关节及骨骼痛": 0,
        "出血": 1,
        "贫血": 0,
        "器官肿大": 1,
        "中枢神经系统症状": 0,
        "腹痛": 0,
        "咳嗽": 0,
        "皮疹": 0
    },
    "生化": {
        "乳酸脱氢酶LDH": 1639.0,
        "铁蛋白Fer": 933.02454
    },
    "血常规报告参数": {
        "性别(男1女2）": 2.0,
        "年龄": 1.7,
        "WBC(109/L)": 22.37,
        "RBC(1012/L)": 3.69,
        "HGB(g/L)": 91.0,
        "HCT(％）": 27.8,
        "MCV(fL)": 75.3,
        "MCH(pg)": 24.7,
        "MCHC(g/L)": 327.0,
        "PLT(109/L)": 332.0,
        "RDW-SD(fL)": 52.1,
        "RDW-CV(％）": 20.3,
        "PDW（fL)": 11.8,
        "MPV(fL)": 11.5,
        "P-LCR(％）": 35.4,
        "PCT(％）": 0.38,
        "NRBC﹟(109/L)": 0.07,
        "NRBC％（/100WBC)": 0.3,
        "NEUT％": 64.8,
        "LYMPH％": 24.1,
        "MONO％": 10.5,
        "EO％": 0.1,
        "BASO％": 0.5,
        "IG﹟(109/L)": 1.68,
        "IG％": 7.5
    },
    "淋巴类别": {
        "Blasts/Abn Ly": 260.0,
        "Atypical": 0.0,
        "Atypical.1": 52.25941422594142,
        "Blasts": 69.35344827586206,
        "Abn Ly": 164.82608695652175
    },
    "血常规通道参数": {
        "WNR-X": 167.5,
        "WNR-Y": 101.1,
        "WNR-Z": 99.5,
        "WPC-X": 70.35796460176992,
        "WPC-Y": 167.4270353982301,
        "WPC-Z": 86.76327433628319,
        "HFLC%": 0.0,
        "WBC": 22.57,
        "NE-SSC": 155.7,
        "NE-SFL": 51.4,
        "NE-FSC": 85.8,
        "LY-X": 104.4,
        "LY-Y": 56.5,
        "LY-Z": 60.9,
        "MO-X": 120.4,
        "MO-Y": 130.1,
        "MO-Z": 70.6,
        "NE-WX": 463.0,
        "NE-WY": 992.0,
        "NE-WZ": 734.0,
        "LY-WX": 670.0,
        "LY-WY": 1576.0,
        "LY-WZ": 656.0,
        "MO-WX": 332.0,
        "MO-WY": 807.0,
        "MO-WZ": 808.0
    },
    "镜检": 13,
    "label": 0
}