{
    "基础信息": {
        "住院号": 551027,
        "条码号": 20509868200,
        "序号": 1211
    },
    "图片路径": "../acute_arms/1211.png",
    "临床": {
        "发热": 0,
        "关节及骨骼痛": 0,
        "出血": 0,
        "贫血": 1,
        "器官肿大": 0,
        "中枢神经系统症状": 0,
        "腹痛": 0,
        "咳嗽": 0,
        "皮疹": 0
    },
    "生化": {
        "乳酸脱氢酶LDH": 406.0,
        "铁蛋白Fer": 933.02454
    },
    "血常规报告参数": {
        "性别(男1女2）": 1.0,
        "年龄": 2.4,
        "WBC(109/L)": 5.76,
        "RBC(1012/L)": 4.3,
        "HGB(g/L)": 97.0,
        "HCT(％）": 28.4,
        "MCV(fL)": 66.0,
        "MCH(pg)": 22.6,
        "MCHC(g/L)": 342.0,
        "PLT(109/L)": 83.0,
        "RDW-SD(fL)": 58.7,
        "RDW-CV(％）": 27.4,
        "PDW（fL)": 11.718354,
        "MPV(fL)": 10.420886,
        "P-LCR(％）": 27.943037,
        "PCT(％）": 0.12753165,
        "NRBC﹟(109/L)": 0.01,
        "NRBC％（/100WBC)": 0.2,
        "NEUT％": 5.1,
        "LYMPH％": 89.6,
        "MONO％": 5.0,
        "EO％": 0.0,
        "BASO％": 0.3,
        "IG﹟(109/L)": 0.01,
        "IG％": 0.2
    },
    "淋巴类别": {
        "Blasts/Abn Ly": 120.0,
        "Atypical": 0.0,
        "Atypical.1": 50.0,
        "Blasts": 69.35344827586206,
        "Abn Ly": 164.82608695652175
    },
    "血常规通道参数": {
        "WNR-X": 163.6,
        "WNR-Y": 103.3,
        "WNR-Z": 84.3,
        "WPC-X": 70.35796460176992,
        "WPC-Y": 167.4270353982301,
        "WPC-Z": 86.76327433628319,
        "HFLC%": 0.5,
        "WBC": 5.76,
        "NE-SSC": 150.1,
        "NE-SFL": 50.6,
        "NE-FSC": 85.9,
        "LY-X": 75.3,
        "LY-Y": 63.6,
        "LY-Z": 58.2,
        "MO-X": 106.1,
        "MO-Y": 79.7,
        "MO-Z": 64.3,
        "NE-WX": 287.0,
        "NE-WY": 633.0,
        "NE-WZ": 524.0,
        "LY-WX": 704.0,
        "LY-WY": 927.0,
        "LY-WZ": 533.0,
        "MO-WX": 292.0,
        "MO-WY": 979.0,
        "MO-WZ": 529.0
    },
    "镜检": 27,
    "label": 0
}