{
    "基础信息": {
        "住院号": 550449,
        "条码号": 20512657800,
        "序号": 1214
    },
    "图片路径": "../acute_arms/1214.png",
    "临床": {
        "发热": 1,
        "关节及骨骼痛": 1,
        "出血": 0,
        "贫血": 0,
        "器官肿大": 0,
        "中枢神经系统症状": 0,
        "腹痛": 0,
        "咳嗽": 0,
        "皮疹": 0
    },
    "生化": {
        "乳酸脱氢酶LDH": 258.0,
        "铁蛋白Fer": 464.13
    },
    "血常规报告参数": {
        "性别(男1女2）": 2.0,
        "年龄": 4.7,
        "WBC(109/L)": 5.65,
        "RBC(1012/L)": 3.62,
        "HGB(g/L)": 108.0,
        "HCT(％）": 33.3,
        "MCV(fL)": 92.0,
        "MCH(pg)": 29.8,
        "MCHC(g/L)": 324.0,
        "PLT(109/L)": 222.0,
        "RDW-SD(fL)": 49.1,
        "RDW-CV(％）": 14.8,
        "PDW（fL)": 8.7,
        "MPV(fL)": 9.2,
        "P-LCR(％）": 17.4,
        "PCT(％）": 0.2,
        "NRBC﹟(109/L)": 0.01,
        "NRBC％（/100WBC)": 0.2,
        "NEUT％": 8.1,
        "LYMPH％": 87.3,
        "MONO％": 4.2,
        "EO％": 0.2,
        "BASO％": 0.2,
        "IG﹟(109/L)": 0.06,
        "IG％": 1.1
    },
    "淋巴类别": {
        "Blasts/Abn Ly": 190.0,
        "Atypical": 0.0,
        "Atypical.1": 52.25941422594142,
        "Blasts": 69.35344827586206,
        "Abn Ly": 164.82608695652175
    },
    "血常规通道参数": {
        "WNR-X": 162.6,
        "WNR-Y": 104.2,
        "WNR-Z": 80.9,
        "WPC-X": 70.35796460176992,
        "WPC-Y": 167.4270353982301,
        "WPC-Z": 86.76327433628319,
        "HFLC%": 0.2,
        "WBC": 5.65,
        "NE-SSC": 153.2,
        "NE-SFL": 48.8,
        "NE-FSC": 89.3,
        "LY-X": 72.9,
        "LY-Y": 58.1,
        "LY-Z": 55.6,
        "MO-X": 107.3,
        "MO-Y": 84.5,
        "MO-Z": 67.8,
        "NE-WX": 359.0,
        "NE-WY": 840.0,
        "NE-WZ": 750.0,
        "LY-WX": 686.0,
        "LY-WY": 1032.0,
        "LY-WZ": 630.0,
        "MO-WX": 401.0,
        "MO-WY": 841.0,
        "MO-WZ": 664.0
    },
    "镜检": 90,
    "label": 0
}