{
    "基础信息": {
        "住院号": 554869,
        "条码号": 20530220500,
        "序号": 1220
    },
    "图片路径": "../acute_arms/1220.png",
    "临床": {
        "发热": 0,
        "关节及骨骼痛": 0,
        "出血": 1,
        "贫血": 1,
        "器官肿大": 0,
        "中枢神经系统症状": 0,
        "腹痛": 0,
        "咳嗽": 0,
        "皮疹": 0
    },
    "生化": {
        "乳酸脱氢酶LDH": 2185.0,
        "铁蛋白Fer": 462.35
    },
    "血常规报告参数": {
        "性别(男1女2）": 2.0,
        "年龄": 11.8,
        "WBC(109/L)": 16.89,
        "RBC(1012/L)": 2.54,
        "HGB(g/L)": 60.0,
        "HCT(％）": 19.2,
        "MCV(fL)": 75.6,
        "MCH(pg)": 23.6,
        "MCHC(g/L)": 313.0,
        "PLT(109/L)": 46.0,
        "RDW-SD(fL)": 73.8,
        "RDW-CV(％）": 28.6,
        "PDW（fL)": 11.718354,
        "MPV(fL)": 10.420886,
        "P-LCR(％）": 27.943037,
        "PCT(％）": 0.12753165,
        "NRBC﹟(109/L)": 0.23,
        "NRBC％（/100WBC)": 1.4,
        "NEUT％": 12.4,
        "LYMPH％": 66.01167,
        "MONO％": 13.67052,
        "EO％": 0.2,
        "BASO％": 0.3,
        "IG﹟(109/L)": 0.21,
        "IG％": 1.2
    },
    "淋巴类别": {
        "Blasts/Abn Ly": 300.0,
        "Atypical": 0.0,
        "Atypical.1": 0.0,
        "Blasts": 0.0,
        "Abn Ly": 300.0
    },
    "血常规通道参数": {
        "WNR-X": 185.1,
        "WNR-Y": 100.0,
        "WNR-Z": 99.6,
        "WPC-X": 75.0,
        "WPC-Y": 172.8,
        "WPC-Z": 88.0,
        "HFLC%": 0.4,
        "WBC": 16.76,
        "NE-SSC": 152.5,
        "NE-SFL": 60.1,
        "NE-FSC": 83.8,
        "LY-X": 90.6,
        "LY-Y": 65.4,
        "LY-Z": 60.9,
        "MO-X": 108.4,
        "MO-Y": 99.3,
        "MO-Z": 64.5,
        "NE-WX": 380.0,
        "NE-WY": 1630.0,
        "NE-WZ": 656.0,
        "LY-WX": 486.0,
        "LY-WY": 1070.0,
        "LY-WZ": 887.0,
        "MO-WX": 378.0,
        "MO-WY": 1199.0,
        "MO-WZ": 1132.0
    },
    "镜检": 81,
    "label": 0
}