{
    "基础信息": {
        "住院号": 550067,
        "条码号": 20530669900,
        "序号": 1221
    },
    "图片路径": "../acute_arms/1221.png",
    "临床": {
        "发热": 0,
        "关节及骨骼痛": 0,
        "出血": 1,
        "贫血": 1,
        "器官肿大": 0,
        "中枢神经系统症状": 1,
        "腹痛": 0,
        "咳嗽": 0,
        "皮疹": 0
    },
    "生化": {
        "乳酸脱氢酶LDH": 4874.0,
        "铁蛋白Fer": 2870.51
    },
    "血常规报告参数": {
        "性别(男1女2）": 2.0,
        "年龄": 17.1,
        "WBC(109/L)": 17.5,
        "RBC(1012/L)": 2.27,
        "HGB(g/L)": 67.0,
        "HCT(％）": 20.0,
        "MCV(fL)": 88.1,
        "MCH(pg)": 29.5,
        "MCHC(g/L)": 335.0,
        "PLT(109/L)": 21.0,
        "RDW-SD(fL)": 49.3,
        "RDW-CV(％）": 15.4,
        "PDW（fL)": 11.718354,
        "MPV(fL)": 10.420886,
        "P-LCR(％）": 27.943037,
        "PCT(％）": 0.12753165,
        "NRBC﹟(109/L)": 0.03,
        "NRBC％（/100WBC)": 0.2,
        "NEUT％": 13.8,
        "LYMPH％": 66.01167,
        "MONO％": 13.67052,
        "EO％": 0.0,
        "BASO％": 0.4,
        "IG﹟(109/L)": 0.19,
        "IG％": 1.1
    },
    "淋巴类别": {
        "Blasts/Abn Ly": 300.0,
        "Atypical": 300.0,
        "Atypical.1": 0.0,
        "Blasts": 0.0,
        "Abn Ly": 300.0
    },
    "血常规通道参数": {
        "WNR-X": 186.9,
        "WNR-Y": 112.6,
        "WNR-Z": 105.5,
        "WPC-X": 70.8,
        "WPC-Y": 181.3,
        "WPC-Z": 91.5,
        "HFLC%": 2.5,
        "WBC": 36.93,
        "NE-SSC": 147.3,
        "NE-SFL": 51.3,
        "NE-FSC": 75.6,
        "LY-X": 92.8,
        "LY-Y": 78.5,
        "LY-Z": 68.3,
        "MO-X": 110.5,
        "MO-Y": 123.7,
        "MO-Z": 74.2,
        "NE-WX": 509.0,
        "NE-WY": 1131.0,
        "NE-WZ": 979.0,
        "LY-WX": 410.0,
        "LY-WY": 994.0,
        "LY-WZ": 761.0,
        "MO-WX": 425.0,
        "MO-WY": 1375.0,
        "MO-WZ": 836.0
    },
    "镜检": 80,
    "label": 0
}