{
    "基础信息": {
        "住院号": 556503,
        "条码号": 20539631700,
        "序号": 1224
    },
    "图片路径": "../acute_arms/1224.png",
    "临床": {
        "发热": 0,
        "关节及骨骼痛": 0,
        "出血": 0,
        "贫血": 0,
        "器官肿大": 1,
        "中枢神经系统症状": 0,
        "腹痛": 0,
        "咳嗽": 0,
        "皮疹": 0
    },
    "生化": {
        "乳酸脱氢酶LDH": 410.0,
        "铁蛋白Fer": 43.32
    },
    "血常规报告参数": {
        "性别(男1女2）": 2.0,
        "年龄": 6.5,
        "WBC(109/L)": 8.36,
        "RBC(1012/L)": 5.11,
        "HGB(g/L)": 132.0,
        "HCT(％）": 40.2,
        "MCV(fL)": 78.7,
        "MCH(pg)": 25.8,
        "MCHC(g/L)": 328.0,
        "PLT(109/L)": 291.0,
        "RDW-SD(fL)": 35.2,
        "RDW-CV(％）": 12.3,
        "PDW（fL)": 8.5,
        "MPV(fL)": 8.5,
        "P-LCR(％）": 12.7,
        "PCT(％）": 0.25,
        "NRBC﹟(109/L)": 0.0,
        "NRBC％（/100WBC)": 0.0,
        "NEUT％": 26.6,
        "LYMPH％": 68.4,
        "MONO％": 3.3,
        "EO％": 1.3,
        "BASO％": 0.4,
        "IG﹟(109/L)": 0.01,
        "IG％": 0.1
    },
    "淋巴类别": {
        "Blasts/Abn Ly": 160.0,
        "Atypical": 30.0,
        "Atypical.1": 52.25941422594142,
        "Blasts": 69.35344827586206,
        "Abn Ly": 164.82608695652175
    },
    "血常规通道参数": {
        "WNR-X": 158.9,
        "WNR-Y": 97.8,
        "WNR-Z": 83.8,
        "WPC-X": 70.35796460176992,
        "WPC-Y": 167.4270353982301,
        "WPC-Z": 86.76327433628319,
        "HFLC%": 0.2,
        "WBC": 8.36,
        "NE-SSC": 153.4,
        "NE-SFL": 43.7,
        "NE-FSC": 85.0,
        "LY-X": 79.6,
        "LY-Y": 61.2,
        "LY-Z": 55.5,
        "MO-X": 116.7,
        "MO-Y": 116.4,
        "MO-Z": 65.8,
        "NE-WX": 306.0,
        "NE-WY": 596.0,
        "NE-WZ": 694.0,
        "LY-WX": 741.0,
        "LY-WY": 1176.0,
        "LY-WZ": 630.0,
        "MO-WX": 291.0,
        "MO-WY": 584.0,
        "MO-WZ": 715.0
    },
    "镜检": 20,
    "label": 0
}