{
    "基础信息": {
        "住院号": 556233,
        "条码号": 20540300400,
        "序号": 1225
    },
    "图片路径": "../acute_arms/1225.png",
    "临床": {
        "发热": 1,
        "关节及骨骼痛": 0,
        "出血": 1,
        "贫血": 1,
        "器官肿大": 0,
        "中枢神经系统症状": 0,
        "腹痛": 0,
        "咳嗽": 0,
        "皮疹": 0
    },
    "生化": {
        "乳酸脱氢酶LDH": 420.0,
        "铁蛋白Fer": 178.82
    },
    "血常规报告参数": {
        "性别(男1女2）": 1.0,
        "年龄": 4.7,
        "WBC(109/L)": 7.41,
        "RBC(1012/L)": 3.74,
        "HGB(g/L)": 86.0,
        "HCT(％）": 27.6,
        "MCV(fL)": 73.8,
        "MCH(pg)": 23.0,
        "MCHC(g/L)": 312.0,
        "PLT(109/L)": 32.0,
        "RDW-SD(fL)": 47.376316,
        "RDW-CV(％）": 16.295658,
        "PDW（fL)": 11.718354,
        "MPV(fL)": 10.420886,
        "P-LCR(％）": 27.943037,
        "PCT(％）": 0.12753165,
        "NRBC﹟(109/L)": 0.01,
        "NRBC％（/100WBC)": 0.1,
        "NEUT％": 8.9,
        "LYMPH％": 86.4,
        "MONO％": 4.0,
        "EO％": 0.3,
        "BASO％": 0.4,
        "IG﹟(109/L)": 0.07,
        "IG％": 0.9
    },
    "淋巴类别": {
        "Blasts/Abn Ly": 210.0,
        "Atypical": 150.0,
        "Atypical.1": 280.0,
        "Blasts": 0.0,
        "Abn Ly": 260.0
    },
    "血常规通道参数": {
        "WNR-X": 173.9,
        "WNR-Y": 111.4,
        "WNR-Z": 92.9,
        "WPC-X": 73.2,
        "WPC-Y": 180.6,
        "WPC-Z": 84.6,
        "HFLC%": 3.0,
        "WBC": 7.26,
        "NE-SSC": 151.6,
        "NE-SFL": 59.0,
        "NE-FSC": 80.6,
        "LY-X": 77.4,
        "LY-Y": 73.6,
        "LY-Z": 61.1,
        "MO-X": 109.3,
        "MO-Y": 124.8,
        "MO-Z": 73.9,
        "NE-WX": 363.0,
        "NE-WY": 898.0,
        "NE-WZ": 657.0,
        "LY-WX": 775.0,
        "LY-WY": 1019.0,
        "LY-WZ": 688.0,
        "MO-WX": 338.0,
        "MO-WY": 809.0,
        "MO-WZ": 555.0
    },
    "镜检": 31,
    "label": 0
}