{
    "基础信息": {
        "住院号": 556865,
        "条码号": 20541597000,
        "序号": 1226
    },
    "图片路径": "../acute_arms/1226.png",
    "临床": {
        "发热": 0,
        "关节及骨骼痛": 0,
        "出血": 0,
        "贫血": 1,
        "器官肿大": 0,
        "中枢神经系统症状": 0,
        "腹痛": 0,
        "咳嗽": 0,
        "皮疹": 0
    },
    "生化": {
        "乳酸脱氢酶LDH": 660.0,
        "铁蛋白Fer": 182.29
    },
    "血常规报告参数": {
        "性别(男1女2）": 2.0,
        "年龄": 2.8,
        "WBC(109/L)": 14.07,
        "RBC(1012/L)": 2.08,
        "HGB(g/L)": 36.0,
        "HCT(％）": 18.9,
        "MCV(fL)": 90.9,
        "MCH(pg)": 30.3,
        "MCHC(g/L)": 333.0,
        "PLT(109/L)": 5.0,
        "RDW-SD(fL)": 44.1,
        "RDW-CV(％）": 13.7,
        "PDW（fL)": 11.718354,
        "MPV(fL)": 10.420886,
        "P-LCR(％）": 27.943037,
        "PCT(％）": 0.12753165,
        "NRBC﹟(109/L)": 0.01,
        "NRBC％（/100WBC)": 0.1,
        "NEUT％": 6.2,
        "LYMPH％": 66.01167,
        "MONO％": 13.67052,
        "EO％": 0.1,
        "BASO％": 0.1,
        "IG﹟(109/L)": 0.02,
        "IG％": 0.1
    },
    "淋巴类别": {
        "Blasts/Abn Ly": 300.0,
        "Atypical": 300.0,
        "Atypical.1": 0.0,
        "Blasts": 0.0,
        "Abn Ly": 240.0
    },
    "血常规通道参数": {
        "WNR-X": 186.6,
        "WNR-Y": 107.5,
        "WNR-Z": 97.8,
        "WPC-X": 74.1,
        "WPC-Y": 170.7,
        "WPC-Z": 94.3,
        "HFLC%": 0.5,
        "WBC": 13.66,
        "NE-SSC": 152.6,
        "NE-SFL": 47.9,
        "NE-FSC": 88.5,
        "LY-X": 91.0,
        "LY-Y": 80.9,
        "LY-Z": 64.0,
        "MO-X": 106.1,
        "MO-Y": 108.4,
        "MO-Z": 68.8,
        "NE-WX": 446.0,
        "NE-WY": 1211.0,
        "NE-WZ": 610.0,
        "LY-WX": 528.0,
        "LY-WY": 977.0,
        "LY-WZ": 563.0,
        "MO-WX": 283.0,
        "MO-WY": 877.0,
        "MO-WZ": 538.0
    },
    "镜检": 81,
    "label": 0
}