{
    "基础信息": {
        "住院号": 556503,
        "条码号": 20542913600,
        "序号": 1227
    },
    "图片路径": "../acute_arms/1227.png",
    "临床": {
        "发热": 0,
        "关节及骨骼痛": 0,
        "出血": 0,
        "贫血": 0,
        "器官肿大": 1,
        "中枢神经系统症状": 0,
        "腹痛": 0,
        "咳嗽": 0,
        "皮疹": 0
    },
    "生化": {
        "乳酸脱氢酶LDH": 410.0,
        "铁蛋白Fer": 43.32
    },
    "血常规报告参数": {
        "性别(男1女2）": 2.0,
        "年龄": 6.5,
        "WBC(109/L)": 12.88,
        "RBC(1012/L)": 4.78,
        "HGB(g/L)": 125.0,
        "HCT(％）": 38.5,
        "MCV(fL)": 80.5,
        "MCH(pg)": 26.2,
        "MCHC(g/L)": 325.0,
        "PLT(109/L)": 334.0,
        "RDW-SD(fL)": 37.1,
        "RDW-CV(％）": 12.9,
        "PDW（fL)": 9.2,
        "MPV(fL)": 8.6,
        "P-LCR(％）": 13.5,
        "PCT(％）": 0.29,
        "NRBC﹟(109/L)": 0.0,
        "NRBC％（/100WBC)": 0.0,
        "NEUT％": 48.2,
        "LYMPH％": 44.4,
        "MONO％": 7.2,
        "EO％": 0.0,
        "BASO％": 0.2,
        "IG﹟(109/L)": 0.05,
        "IG％": 0.4
    },
    "淋巴类别": {
        "Blasts/Abn Ly": 130.0,
        "Atypical": 20.0,
        "Atypical.1": 52.25941422594142,
        "Blasts": 69.35344827586206,
        "Abn Ly": 164.82608695652175
    },
    "血常规通道参数": {
        "WNR-X": 152.5,
        "WNR-Y": 95.6,
        "WNR-Z": 82.3,
        "WPC-X": 70.35796460176992,
        "WPC-Y": 167.4270353982301,
        "WPC-Z": 86.76327433628319,
        "HFLC%": 0.2,
        "WBC": 12.88,
        "NE-SSC": 151.7,
        "NE-SFL": 43.9,
        "NE-FSC": 86.1,
        "LY-X": 79.9,
        "LY-Y": 60.8,
        "LY-Z": 56.2,
        "MO-X": 114.7,
        "MO-Y": 101.0,
        "MO-Z": 60.5,
        "NE-WX": 310.0,
        "NE-WY": 592.0,
        "NE-WZ": 616.0,
        "LY-WX": 701.0,
        "LY-WY": 1052.0,
        "LY-WZ": 569.0,
        "MO-WX": 270.0,
        "MO-WY": 822.0,
        "MO-WZ": 695.0
    },
    "镜检": 14,
    "label": 0
}