{
    "基础信息": {
        "住院号": 557969,
        "条码号": 20551397500,
        "序号": 1229
    },
    "图片路径": "../acute_arms/1229.png",
    "临床": {
        "发热": 0,
        "关节及骨骼痛": 0,
        "出血": 0,
        "贫血": 0,
        "器官肿大": 0,
        "中枢神经系统症状": 1,
        "腹痛": 0,
        "咳嗽": 0,
        "皮疹": 0
    },
    "生化": {
        "乳酸脱氢酶LDH": 429.0,
        "铁蛋白Fer": 933.02454
    },
    "血常规报告参数": {
        "性别(男1女2）": 2.0,
        "年龄": 11.1,
        "WBC(109/L)": 37.227238,
        "RBC(1012/L)": 3.1094692,
        "HGB(g/L)": 86.39273,
        "HCT(％）": 26.058546,
        "MCV(fL)": 84.217094,
        "MCH(pg)": 27.823019,
        "MCHC(g/L)": 330.9891,
        "PLT(109/L)": 95.814545,
        "RDW-SD(fL)": 47.376316,
        "RDW-CV(％）": 16.295658,
        "PDW（fL)": 11.718354,
        "MPV(fL)": 10.420886,
        "P-LCR(％）": 27.943037,
        "PCT(％）": 0.12753165,
        "NRBC﹟(109/L)": 0.089090906,
        "NRBC％（/100WBC)": 0.53090906,
        "NEUT％": 18.289114,
        "LYMPH％": 66.01167,
        "MONO％": 13.67052,
        "EO％": 0.6982545,
        "BASO％": 0.27326086,
        "IG﹟(109/L)": 0.28725663,
        "IG％": 1.1150442
    },
    "淋巴类别": {
        "Blasts/Abn Ly": 60.0,
        "Atypical": 50.0,
        "Atypical.1": 52.25941422594142,
        "Blasts": 69.35344827586206,
        "Abn Ly": 164.82608695652175
    },
    "血常规通道参数": {
        "WNR-X": 156.4,
        "WNR-Y": 102.3,
        "WNR-Z": 80.6,
        "WPC-X": 70.35796460176992,
        "WPC-Y": 167.4270353982301,
        "WPC-Z": 86.76327433628319,
        "HFLC%": 0.5,
        "WBC": 3.86,
        "NE-SSC": 154.9,
        "NE-SFL": 44.5,
        "NE-FSC": 80.5,
        "LY-X": 74.2,
        "LY-Y": 60.3,
        "LY-Z": 57.2,
        "MO-X": 115.7,
        "MO-Y": 113.5,
        "MO-Z": 65.8,
        "NE-WX": 316.0,
        "NE-WY": 584.0,
        "NE-WZ": 683.0,
        "LY-WX": 647.0,
        "LY-WY": 1095.0,
        "LY-WZ": 507.0,
        "MO-WX": 216.0,
        "MO-WY": 485.0,
        "MO-WZ": 486.0
    },
    "镜检": 13,
    "label": 0
}