{
    "基础信息": {
        "住院号": 560193,
        "条码号": 20565173800,
        "序号": 1230
    },
    "图片路径": "../acute_arms/1230.png",
    "临床": {
        "发热": 1,
        "关节及骨骼痛": 0,
        "出血": 0,
        "贫血": 0,
        "器官肿大": 0,
        "中枢神经系统症状": 0,
        "腹痛": 0,
        "咳嗽": 0,
        "皮疹": 0
    },
    "生化": {
        "乳酸脱氢酶LDH": 5166.0,
        "铁蛋白Fer": 1721.95
    },
    "血常规报告参数": {
        "性别(男1女2）": 1.0,
        "年龄": 2.1,
        "WBC(109/L)": 27.15,
        "RBC(1012/L)": 3.47,
        "HGB(g/L)": 86.0,
        "HCT(％）": 25.9,
        "MCV(fL)": 74.6,
        "MCH(pg)": 24.8,
        "MCHC(g/L)": 332.0,
        "PLT(109/L)": 45.0,
        "RDW-SD(fL)": 34.8,
        "RDW-CV(％）": 13.2,
        "PDW（fL)": 11.718354,
        "MPV(fL)": 10.420886,
        "P-LCR(％）": 27.943037,
        "PCT(％）": 0.12753165,
        "NRBC﹟(109/L)": 0.24,
        "NRBC％（/100WBC)": 0.9,
        "NEUT％": 15.1,
        "LYMPH％": 66.01167,
        "MONO％": 13.67052,
        "EO％": 0.3,
        "BASO％": 0.6,
        "IG﹟(109/L)": 0.29,
        "IG％": 1.1
    },
    "淋巴类别": {
        "Blasts/Abn Ly": 300.0,
        "Atypical": 300.0,
        "Atypical.1": 0.0,
        "Blasts": 0.0,
        "Abn Ly": 260.0
    },
    "血常规通道参数": {
        "WNR-X": 175.1,
        "WNR-Y": 104.5,
        "WNR-Z": 90.3,
        "WPC-X": 68.0,
        "WPC-Y": 173.8,
        "WPC-Z": 87.5,
        "HFLC%": 0.9,
        "WBC": 26.16,
        "NE-SSC": 145.2,
        "NE-SFL": 47.9,
        "NE-FSC": 82.6,
        "LY-X": 81.3,
        "LY-Y": 63.0,
        "LY-Z": 59.5,
        "MO-X": 109.3,
        "MO-Y": 114.9,
        "MO-Z": 71.7,
        "NE-WX": 454.0,
        "NE-WY": 898.0,
        "NE-WZ": 702.0,
        "LY-WX": 664.0,
        "LY-WY": 1128.0,
        "LY-WZ": 656.0,
        "MO-WX": 329.0,
        "MO-WY": 1114.0,
        "MO-WZ": 823.0
    },
    "镜检": 50,
    "label": 0
}