{
    "基础信息": {
        "住院号": 560740,
        "条码号": 20565443600,
        "序号": 1231
    },
    "图片路径": "../acute_arms/1231.png",
    "临床": {
        "发热": 1,
        "关节及骨骼痛": 0,
        "出血": 0,
        "贫血": 1,
        "器官肿大": 0,
        "中枢神经系统症状": 0,
        "腹痛": 0,
        "咳嗽": 0,
        "皮疹": 0
    },
    "生化": {
        "乳酸脱氢酶LDH": 559.0,
        "铁蛋白Fer": 909.96
    },
    "血常规报告参数": {
        "性别(男1女2）": 1.0,
        "年龄": 3.9,
        "WBC(109/L)": 7.96,
        "RBC(1012/L)": 1.62,
        "HGB(g/L)": 44.0,
        "HCT(％）": 13.2,
        "MCV(fL)": 81.5,
        "MCH(pg)": 27.2,
        "MCHC(g/L)": 333.0,
        "PLT(109/L)": 57.0,
        "RDW-SD(fL)": 43.2,
        "RDW-CV(％）": 14.8,
        "PDW（fL)": 24.5,
        "MPV(fL)": 13.4,
        "P-LCR(％）": 46.8,
        "PCT(％）": 0.08,
        "NRBC﹟(109/L)": 0.0,
        "NRBC％（/100WBC)": 0.0,
        "NEUT％": 5.9,
        "LYMPH％": 76.9,
        "MONO％": 17.2,
        "EO％": 0.0,
        "BASO％": 0.0,
        "IG﹟(109/L)": 0.01,
        "IG％": 0.1
    },
    "淋巴类别": {
        "Blasts/Abn Ly": 180.0,
        "Atypical": 80.0,
        "Atypical.1": 90.0,
        "Blasts": 69.35344827586206,
        "Abn Ly": 164.82608695652175
    },
    "血常规通道参数": {
        "WNR-X": 188.9,
        "WNR-Y": 97.7,
        "WNR-Z": 88.4,
        "WPC-X": 70.35796460176992,
        "WPC-Y": 167.4270353982301,
        "WPC-Z": 86.76327433628319,
        "HFLC%": 0.6,
        "WBC": 7.97,
        "NE-SSC": 145.0,
        "NE-SFL": 44.9,
        "NE-FSC": 74.8,
        "LY-X": 87.4,
        "LY-Y": 66.3,
        "LY-Z": 57.9,
        "MO-X": 106.5,
        "MO-Y": 93.1,
        "MO-Z": 63.5,
        "NE-WX": 248.0,
        "NE-WY": 601.0,
        "NE-WZ": 481.0,
        "LY-WX": 561.0,
        "LY-WY": 981.0,
        "LY-WZ": 570.0,
        "MO-WX": 272.0,
        "MO-WY": 870.0,
        "MO-WZ": 567.0
    },
    "镜检": 48,
    "label": 0
}