{
    "基础信息": {
        "住院号": 560193,
        "条码号": 20567538200,
        "序号": 1232
    },
    "图片路径": "../acute_arms/1232.png",
    "临床": {
        "发热": 1,
        "关节及骨骼痛": 0,
        "出血": 0,
        "贫血": 0,
        "器官肿大": 0,
        "中枢神经系统症状": 0,
        "腹痛": 0,
        "咳嗽": 0,
        "皮疹": 0
    },
    "生化": {
        "乳酸脱氢酶LDH": 5166.0,
        "铁蛋白Fer": 1721.95
    },
    "血常规报告参数": {
        "性别(男1女2）": 1.0,
        "年龄": 2.1,
        "WBC(109/L)": 4.06,
        "RBC(1012/L)": 3.24,
        "HGB(g/L)": 82.0,
        "HCT(％）": 24.1,
        "MCV(fL)": 74.4,
        "MCH(pg)": 25.3,
        "MCHC(g/L)": 340.0,
        "PLT(109/L)": 86.0,
        "RDW-SD(fL)": 35.5,
        "RDW-CV(％）": 13.3,
        "PDW（fL)": 12.2,
        "MPV(fL)": 11.4,
        "P-LCR(％）": 34.2,
        "PCT(％）": 0.1,
        "NRBC﹟(109/L)": 0.02,
        "NRBC％（/100WBC)": 0.5,
        "NEUT％": 21.2,
        "LYMPH％": 73.9,
        "MONO％": 4.2,
        "EO％": 0.5,
        "BASO％": 0.2,
        "IG﹟(109/L)": 0.04,
        "IG％": 1.0
    },
    "淋巴类别": {
        "Blasts/Abn Ly": 240.0,
        "Atypical": 0.0,
        "Atypical.1": 52.25941422594142,
        "Blasts": 69.35344827586206,
        "Abn Ly": 164.82608695652175
    },
    "血常规通道参数": {
        "WNR-X": 167.4,
        "WNR-Y": 102.6,
        "WNR-Z": 81.6,
        "WPC-X": 70.35796460176992,
        "WPC-Y": 167.4270353982301,
        "WPC-Z": 86.76327433628319,
        "HFLC%": 0.2,
        "WBC": 4.09,
        "NE-SSC": 147.0,
        "NE-SFL": 145.4,
        "NE-FSC": 83.6,
        "LY-X": 71.5,
        "LY-Y": 58.4,
        "LY-Z": 55.6,
        "MO-X": 112.4,
        "MO-Y": 106.9,
        "MO-Z": 66.4,
        "NE-WX": 415.0,
        "NE-WY": 727.0,
        "NE-WZ": 670.0,
        "LY-WX": 797.0,
        "LY-WY": 1028.0,
        "LY-WZ": 558.0,
        "MO-WX": 374.0,
        "MO-WY": 973.0,
        "MO-WZ": 708.0
    },
    "镜检": 8,
    "label": 0
}