{
    "基础信息": {
        "住院号": 560740,
        "条码号": 20568466300,
        "序号": 1233
    },
    "图片路径": "../acute_arms/1233.png",
    "临床": {
        "发热": 1,
        "关节及骨骼痛": 0,
        "出血": 0,
        "贫血": 1,
        "器官肿大": 0,
        "中枢神经系统症状": 0,
        "腹痛": 0,
        "咳嗽": 0,
        "皮疹": 0
    },
    "生化": {
        "乳酸脱氢酶LDH": 559.0,
        "铁蛋白Fer": 909.96
    },
    "血常规报告参数": {
        "性别(男1女2）": 1.0,
        "年龄": 3.9,
        "WBC(109/L)": 4.92,
        "RBC(1012/L)": 3.98,
        "HGB(g/L)": 113.0,
        "HCT(％）": 33.9,
        "MCV(fL)": 85.2,
        "MCH(pg)": 28.4,
        "MCHC(g/L)": 333.0,
        "PLT(109/L)": 64.0,
        "RDW-SD(fL)": 44.1,
        "RDW-CV(％）": 14.2,
        "PDW（fL)": 21.1,
        "MPV(fL)": 13.6,
        "P-LCR(％）": 47.8,
        "PCT(％）": 0.09,
        "NRBC﹟(109/L)": 0.01,
        "NRBC％（/100WBC)": 0.2,
        "NEUT％": 5.3,
        "LYMPH％": 90.0,
        "MONO％": 4.7,
        "EO％": 0.0,
        "BASO％": 0.0,
        "IG﹟(109/L)": 0.04,
        "IG％": 0.8
    },
    "淋巴类别": {
        "Blasts/Abn Ly": 300.0,
        "Atypical": 250.0,
        "Atypical.1": 52.25941422594142,
        "Blasts": 69.35344827586206,
        "Abn Ly": 164.82608695652175
    },
    "血常规通道参数": {
        "WNR-X": 168.2,
        "WNR-Y": 107.2,
        "WNR-Z": 85.8,
        "WPC-X": 70.35796460176992,
        "WPC-Y": 167.4270353982301,
        "WPC-Z": 86.76327433628319,
        "HFLC%": 5.3,
        "WBC": 4.92,
        "NE-SSC": 143.0,
        "NE-SFL": 44.3,
        "NE-FSC": 85.6,
        "LY-X": 73.1,
        "LY-Y": 60.2,
        "LY-Z": 56.7,
        "MO-X": 108.9,
        "MO-Y": 101.8,
        "MO-Z": 69.0,
        "NE-WX": 329.0,
        "NE-WY": 767.0,
        "NE-WZ": 643.0,
        "LY-WX": 793.0,
        "LY-WY": 1097.0,
        "LY-WZ": 688.0,
        "MO-WX": 349.0,
        "MO-WY": 1002.0,
        "MO-WZ": 753.0
    },
    "镜检": 18,
    "label": 0
}