{
    "基础信息": {
        "住院号": 560740,
        "条码号": 20570490300,
        "序号": 1234
    },
    "图片路径": "../acute_arms/1234.png",
    "临床": {
        "发热": 1,
        "关节及骨骼痛": 0,
        "出血": 0,
        "贫血": 1,
        "器官肿大": 0,
        "中枢神经系统症状": 0,
        "腹痛": 0,
        "咳嗽": 0,
        "皮疹": 0
    },
    "生化": {
        "乳酸脱氢酶LDH": 559.0,
        "铁蛋白Fer": 909.96
    },
    "血常规报告参数": {
        "性别(男1女2）": 1.0,
        "年龄": 3.9,
        "WBC(109/L)": 2.36,
        "RBC(1012/L)": 3.59,
        "HGB(g/L)": 100.0,
        "HCT(％）": 30.2,
        "MCV(fL)": 84.1,
        "MCH(pg)": 27.9,
        "MCHC(g/L)": 331.0,
        "PLT(109/L)": 133.0,
        "RDW-SD(fL)": 41.6,
        "RDW-CV(％）": 13.4,
        "PDW（fL)": 11.4,
        "MPV(fL)": 10.6,
        "P-LCR(％）": 28.4,
        "PCT(％）": 0.14,
        "NRBC﹟(109/L)": 0.0,
        "NRBC％（/100WBC)": 0.0,
        "NEUT％": 5.6,
        "LYMPH％": 91.5,
        "MONO％": 2.5,
        "EO％": 0.0,
        "BASO％": 0.4,
        "IG﹟(109/L)": 0.01,
        "IG％": 0.4
    },
    "淋巴类别": {
        "Blasts/Abn Ly": 280.0,
        "Atypical": 60.0,
        "Atypical.1": 20.0,
        "Blasts": 69.35344827586206,
        "Abn Ly": 164.82608695652175
    },
    "血常规通道参数": {
        "WNR-X": 163.3,
        "WNR-Y": 104.6,
        "WNR-Z": 81.5,
        "WPC-X": 70.35796460176992,
        "WPC-Y": 167.4270353982301,
        "WPC-Z": 86.76327433628319,
        "HFLC%": 1.3,
        "WBC": 2.36,
        "NE-SSC": 143.0,
        "NE-SFL": 44.4,
        "NE-FSC": 80.6,
        "LY-X": 71.8,
        "LY-Y": 59.4,
        "LY-Z": 54.2,
        "MO-X": 105.3,
        "MO-Y": 99.1,
        "MO-Z": 64.5,
        "NE-WX": 427.0,
        "NE-WY": 744.0,
        "NE-WZ": 632.0,
        "LY-WX": 766.0,
        "LY-WY": 993.0,
        "LY-WZ": 572.0,
        "MO-WX": 361.0,
        "MO-WY": 757.0,
        "MO-WZ": 558.0
    },
    "镜检": 11,
    "label": 0
}