{
    "基础信息": {
        "住院号": 562798,
        "条码号": 20579517200,
        "序号": 1235
    },
    "图片路径": "../acute_arms/1235.png",
    "临床": {
        "发热": 1,
        "关节及骨骼痛": 0,
        "出血": 0,
        "贫血": 1,
        "器官肿大": 0,
        "中枢神经系统症状": 0,
        "腹痛": 0,
        "咳嗽": 0,
        "皮疹": 0
    },
    "生化": {
        "乳酸脱氢酶LDH": 470.0,
        "铁蛋白Fer": 740.89
    },
    "血常规报告参数": {
        "性别(男1女2）": 2.0,
        "年龄": 4.9,
        "WBC(109/L)": 37.23,
        "RBC(1012/L)": 2.83,
        "HGB(g/L)": 69.0,
        "HCT(％）": 20.6,
        "MCV(fL)": 72.8,
        "MCH(pg)": 24.4,
        "MCHC(g/L)": 335.0,
        "PLT(109/L)": 20.0,
        "RDW-SD(fL)": 53.5,
        "RDW-CV(％）": 20.4,
        "PDW（fL)": 11.718354,
        "MPV(fL)": 10.420886,
        "P-LCR(％）": 27.943037,
        "PCT(％）": 0.12753165,
        "NRBC﹟(109/L)": 0.0,
        "NRBC％（/100WBC)": 0.0,
        "NEUT％": 5.7,
        "LYMPH％": 66.01167,
        "MONO％": 13.67052,
        "EO％": 0.0,
        "BASO％": 0.1,
        "IG﹟(109/L)": 0.06,
        "IG％": 0.2
    },
    "淋巴类别": {
        "Blasts/Abn Ly": 300.0,
        "Atypical": 40.0,
        "Atypical.1": 40.0,
        "Blasts": 300.0,
        "Abn Ly": 0.0
    },
    "血常规通道参数": {
        "WNR-X": 183.4,
        "WNR-Y": 98.4,
        "WNR-Z": 91.3,
        "WPC-X": 63.5,
        "WPC-Y": 123.8,
        "WPC-Z": 92.9,
        "HFLC%": 0.3,
        "WBC": 37.09,
        "NE-SSC": 150.3,
        "NE-SFL": 52.2,
        "NE-FSC": 84.1,
        "LY-X": 87.4,
        "LY-Y": 69.6,
        "LY-Z": 55.8,
        "MO-X": 105.0,
        "MO-Y": 97.7,
        "MO-Z": 59.9,
        "NE-WX": 319.0,
        "NE-WY": 786.0,
        "NE-WZ": 583.0,
        "LY-WX": 435.0,
        "LY-WY": 877.0,
        "LY-WZ": 519.0,
        "MO-WX": 567.0,
        "MO-WY": 1003.0,
        "MO-WZ": 785.0
    },
    "镜检": 73,
    "label": 0
}