{
    "基础信息": {
        "住院号": 563193,
        "条码号": 20582123400,
        "序号": 1236
    },
    "图片路径": "../acute_arms/1236.png",
    "临床": {
        "发热": 1,
        "关节及骨骼痛": 0,
        "出血": 1,
        "贫血": 1,
        "器官肿大": 0,
        "中枢神经系统症状": 0,
        "腹痛": 0,
        "咳嗽": 0,
        "皮疹": 0
    },
    "生化": {
        "乳酸脱氢酶LDH": 268.0,
        "铁蛋白Fer": 155.99
    },
    "血常规报告参数": {
        "性别(男1女2）": 2.0,
        "年龄": 2.3,
        "WBC(109/L)": 36.16,
        "RBC(1012/L)": 2.84,
        "HGB(g/L)": 52.0,
        "HCT(％）": 16.4,
        "MCV(fL)": 57.7,
        "MCH(pg)": 18.3,
        "MCHC(g/L)": 317.0,
        "PLT(109/L)": 16.0,
        "RDW-SD(fL)": 30.4,
        "RDW-CV(％）": 15.8,
        "PDW（fL)": 11.718354,
        "MPV(fL)": 10.420886,
        "P-LCR(％）": 27.943037,
        "PCT(％）": 0.12753165,
        "NRBC﹟(109/L)": 0.0,
        "NRBC％（/100WBC)": 0.0,
        "NEUT％": 2.4,
        "LYMPH％": 66.01167,
        "MONO％": 13.67052,
        "EO％": 0.0,
        "BASO％": 0.0,
        "IG﹟(109/L)": 0.04,
        "IG％": 0.1
    },
    "淋巴类别": {
        "Blasts/Abn Ly": 300.0,
        "Atypical": 0.0,
        "Atypical.1": 50.0,
        "Blasts": 300.0,
        "Abn Ly": 0.0
    },
    "血常规通道参数": {
        "WNR-X": 186.9,
        "WNR-Y": 104.5,
        "WNR-Z": 89.6,
        "WPC-X": 68.8,
        "WPC-Y": 153.9,
        "WPC-Z": 91.8,
        "HFLC%": 0.4,
        "WBC": 36.25,
        "NE-SSC": 152.6,
        "NE-SFL": 55.3,
        "NE-FSC": 83.8,
        "LY-X": 82.2,
        "LY-Y": 61.5,
        "LY-Z": 59.8,
        "MO-X": 104.9,
        "MO-Y": 101.2,
        "MO-Z": 66.4,
        "NE-WX": 308.0,
        "NE-WY": 922.0,
        "NE-WZ": 608.0,
        "LY-WX": 535.0,
        "LY-WY": 992.0,
        "LY-WZ": 535.0,
        "MO-WX": 238.0,
        "MO-WY": 909.0,
        "MO-WZ": 572.0
    },
    "镜检": 81,
    "label": 0
}