{
    "基础信息": {
        "住院号": 563666,
        "条码号": 20585269000,
        "序号": 1238
    },
    "图片路径": "../acute_arms/1238.png",
    "临床": {
        "发热": 1,
        "关节及骨骼痛": 0,
        "出血": 1,
        "贫血": 0,
        "器官肿大": 0,
        "中枢神经系统症状": 0,
        "腹痛": 0,
        "咳嗽": 0,
        "皮疹": 0
    },
    "生化": {
        "乳酸脱氢酶LDH": 1139.0,
        "铁蛋白Fer": 306.3
    },
    "血常规报告参数": {
        "性别(男1女2）": 1.0,
        "年龄": 2.1,
        "WBC(109/L)": 37.227238,
        "RBC(1012/L)": 3.1094692,
        "HGB(g/L)": 86.39273,
        "HCT(％）": 26.058546,
        "MCV(fL)": 84.217094,
        "MCH(pg)": 27.823019,
        "MCHC(g/L)": 330.9891,
        "PLT(109/L)": 95.814545,
        "RDW-SD(fL)": 47.376316,
        "RDW-CV(％）": 16.295658,
        "PDW（fL)": 11.718354,
        "MPV(fL)": 10.420886,
        "P-LCR(％）": 27.943037,
        "PCT(％）": 0.12753165,
        "NRBC﹟(109/L)": 0.089090906,
        "NRBC％（/100WBC)": 0.53090906,
        "NEUT％": 18.289114,
        "LYMPH％": 66.01167,
        "MONO％": 13.67052,
        "EO％": 0.6982545,
        "BASO％": 0.27326086,
        "IG﹟(109/L)": 0.28725663,
        "IG％": 1.1150442
    },
    "淋巴类别": {
        "Blasts/Abn Ly": 280.0,
        "Atypical": 280.0,
        "Atypical.1": 0.0,
        "Blasts": 0.0,
        "Abn Ly": 240.0
    },
    "血常规通道参数": {
        "WNR-X": 194.0,
        "WNR-Y": 105.9,
        "WNR-Z": 99.2,
        "WPC-X": 72.9,
        "WPC-Y": 175.1,
        "WPC-Z": 91.3,
        "HFLC%": 0.6,
        "WBC": 49.33,
        "NE-SSC": 151.8,
        "NE-SFL": 43.9,
        "NE-FSC": 74.6,
        "LY-X": 90.0,
        "LY-Y": 73.9,
        "LY-Z": 66.7,
        "MO-X": 108.5,
        "MO-Y": 111.3,
        "MO-Z": 74.4,
        "NE-WX": 441.0,
        "NE-WY": 1413.0,
        "NE-WZ": 576.0,
        "LY-WX": 467.0,
        "LY-WY": 1096.0,
        "LY-WZ": 600.0,
        "MO-WX": 304.0,
        "MO-WY": 961.0,
        "MO-WZ": 538.0
    },
    "镜检": 82,
    "label": 0
}