{
    "基础信息": {
        "住院号": 562798,
        "条码号": 20587682600,
        "序号": 1239
    },
    "图片路径": "../acute_arms/1239.png",
    "临床": {
        "发热": 1,
        "关节及骨骼痛": 0,
        "出血": 0,
        "贫血": 1,
        "器官肿大": 0,
        "中枢神经系统症状": 0,
        "腹痛": 0,
        "咳嗽": 0,
        "皮疹": 0
    },
    "生化": {
        "乳酸脱氢酶LDH": 470.0,
        "铁蛋白Fer": 740.89
    },
    "血常规报告参数": {
        "性别(男1女2）": 2.0,
        "年龄": 4.9,
        "WBC(109/L)": 1.04,
        "RBC(1012/L)": 2.97,
        "HGB(g/L)": 78.0,
        "HCT(％）": 23.0,
        "MCV(fL)": 77.4,
        "MCH(pg)": 26.3,
        "MCHC(g/L)": 339.0,
        "PLT(109/L)": 96.0,
        "RDW-SD(fL)": 46.3,
        "RDW-CV(％）": 16.6,
        "PDW（fL)": 19.2,
        "MPV(fL)": 12.8,
        "P-LCR(％）": 47.7,
        "PCT(％）": 0.12,
        "NRBC﹟(109/L)": 0.01,
        "NRBC％（/100WBC)": 1.0,
        "NEUT％": 17.3,
        "LYMPH％": 81.7,
        "MONO％": 1.0,
        "EO％": 0.0,
        "BASO％": 0.0,
        "IG﹟(109/L)": 0.0,
        "IG％": 0.0
    },
    "淋巴类别": {
        "Blasts/Abn Ly": 180.0,
        "Atypical": 0.0,
        "Atypical.1": 52.25941422594142,
        "Blasts": 69.35344827586206,
        "Abn Ly": 164.82608695652175
    },
    "血常规通道参数": {
        "WNR-X": 167.4,
        "WNR-Y": 104.6,
        "WNR-Z": 80.5,
        "WPC-X": 70.35796460176992,
        "WPC-Y": 167.4270353982301,
        "WPC-Z": 86.76327433628319,
        "HFLC%": 0.0,
        "WBC": 1.05,
        "NE-SSC": 152.3,
        "NE-SFL": 44.3,
        "NE-FSC": 88.1,
        "LY-X": 73.5,
        "LY-Y": 65.4,
        "LY-Z": 55.5,
        "MO-X": 109.1,
        "MO-Y": 71.0,
        "MO-Z": 61.4,
        "NE-WX": 355.0,
        "NE-WY": 632.0,
        "NE-WZ": 602.0,
        "LY-WX": 612.0,
        "LY-WY": 964.0,
        "LY-WZ": 505.0,
        "MO-WX": 257.0,
        "MO-WY": 282.0,
        "MO-WZ": 391.0
    },
    "镜检": 1,
    "label": 0
}