{
    "基础信息": {
        "住院号": 565111,
        "条码号": 20595434300,
        "序号": 1242
    },
    "图片路径": "../acute_arms/1242.png",
    "临床": {
        "发热": 1,
        "关节及骨骼痛": 0,
        "出血": 0,
        "贫血": 0,
        "器官肿大": 0,
        "中枢神经系统症状": 0,
        "腹痛": 0,
        "咳嗽": 0,
        "皮疹": 0
    },
    "生化": {
        "乳酸脱氢酶LDH": 1004.0,
        "铁蛋白Fer": 317.38
    },
    "血常规报告参数": {
        "性别(男1女2）": 2.0,
        "年龄": 2.3,
        "WBC(109/L)": 38.59,
        "RBC(1012/L)": 0.264,
        "HGB(g/L)": 110.0,
        "HCT(％）": 34.3,
        "MCV(fL)": 80.5,
        "MCH(pg)": 25.8,
        "MCHC(g/L)": 321.0,
        "PLT(109/L)": 30.0,
        "RDW-SD(fL)": 42.1,
        "RDW-CV(％）": 14.2,
        "PDW（fL)": 11.718354,
        "MPV(fL)": 10.420886,
        "P-LCR(％）": 27.943037,
        "PCT(％）": 0.12753165,
        "NRBC﹟(109/L)": 0.04,
        "NRBC％（/100WBC)": 0.1,
        "NEUT％": 26.6,
        "LYMPH％": 66.01167,
        "MONO％": 13.67052,
        "EO％": 8.5,
        "BASO％": 0.2,
        "IG﹟(109/L)": 1.22,
        "IG％": 3.2
    },
    "淋巴类别": {
        "Blasts/Abn Ly": 300.0,
        "Atypical": 300.0,
        "Atypical.1": 0.0,
        "Blasts": 0.0,
        "Abn Ly": 300.0
    },
    "血常规通道参数": {
        "WNR-X": 169.5,
        "WNR-Y": 98.6,
        "WNR-Z": 93.8,
        "WPC-X": 69.2,
        "WPC-Y": 173.1,
        "WPC-Z": 88.4,
        "HFLC%": 0.4,
        "WBC": 38.95,
        "NE-SSC": 141.0,
        "NE-SFL": 51.2,
        "NE-FSC": 71.9,
        "LY-X": 74.1,
        "LY-Y": 56.1,
        "LY-Z": 58.0,
        "MO-X": 110.2,
        "MO-Y": 108.3,
        "MO-Z": 68.4,
        "NE-WX": 383.0,
        "NE-WY": 1036.0,
        "NE-WZ": 848.0,
        "LY-WX": 702.0,
        "LY-WY": 1338.0,
        "LY-WZ": 604.0,
        "MO-WX": 372.0,
        "MO-WY": 1117.0,
        "MO-WZ": 600.0
    },
    "镜检": 20,
    "label": 0
}