{
    "基础信息": {
        "住院号": 566382,
        "条码号": 20604402200,
        "序号": 1245
    },
    "图片路径": "../acute_arms/1245.png",
    "临床": {
        "发热": 1,
        "关节及骨骼痛": 0,
        "出血": 1,
        "贫血": 1,
        "器官肿大": 0,
        "中枢神经系统症状": 0,
        "腹痛": 0,
        "咳嗽": 0,
        "皮疹": 0
    },
    "生化": {
        "乳酸脱氢酶LDH": 343.0,
        "铁蛋白Fer": 546.22
    },
    "血常规报告参数": {
        "性别(男1女2）": 2.0,
        "年龄": 2.5,
        "WBC(109/L)": 6.86,
        "RBC(1012/L)": 1.5,
        "HGB(g/L)": 49.0,
        "HCT(％）": 14.4,
        "MCV(fL)": 96.0,
        "MCH(pg)": 32.7,
        "MCHC(g/L)": 340.0,
        "PLT(109/L)": 54.0,
        "RDW-SD(fL)": 55.8,
        "RDW-CV(％）": 17.1,
        "PDW（fL)": 8.7,
        "MPV(fL)": 8.8,
        "P-LCR(％）": 14.5,
        "PCT(％）": 0.05,
        "NRBC﹟(109/L)": 0.04,
        "NRBC％（/100WBC)": 0.6,
        "NEUT％": 7.8,
        "LYMPH％": 87.8,
        "MONO％": 4.2,
        "EO％": 0.1,
        "BASO％": 0.1,
        "IG﹟(109/L)": 0.02,
        "IG％": 0.3
    },
    "淋巴类别": {
        "Blasts/Abn Ly": 300.0,
        "Atypical": 300.0,
        "Atypical.1": 52.25941422594142,
        "Blasts": 69.35344827586206,
        "Abn Ly": 164.82608695652175
    },
    "血常规通道参数": {
        "WNR-X": 184.3,
        "WNR-Y": 102.9,
        "WNR-Z": 85.5,
        "WPC-X": 70.35796460176992,
        "WPC-Y": 167.4270353982301,
        "WPC-Z": 86.76327433628319,
        "HFLC%": 0.0,
        "WBC": 6.86,
        "NE-SSC": 156.6,
        "NE-SFL": 53.6,
        "NE-FSC": 85.4,
        "LY-X": 80.9,
        "LY-Y": 71.3,
        "LY-Z": 58.5,
        "MO-X": 120.0,
        "MO-Y": 137.7,
        "MO-Z": 76.7,
        "NE-WX": 300.0,
        "NE-WY": 765.0,
        "NE-WZ": 714.0,
        "LY-WX": 630.0,
        "LY-WY": 1108.0,
        "LY-WZ": 581.0,
        "MO-WX": 458.0,
        "MO-WY": 516.0,
        "MO-WZ": 874.0
    },
    "镜检": 17,
    "label": 0
}