{
    "基础信息": {
        "住院号": 572743,
        "条码号": 20654205700,
        "序号": 1250
    },
    "图片路径": "../acute_arms/1250.png",
    "临床": {
        "发热": 1,
        "关节及骨骼痛": 0,
        "出血": 0,
        "贫血": 0,
        "器官肿大": 0,
        "中枢神经系统症状": 0,
        "腹痛": 0,
        "咳嗽": 0,
        "皮疹": 0
    },
    "生化": {
        "乳酸脱氢酶LDH": 952.0,
        "铁蛋白Fer": 3317.54
    },
    "血常规报告参数": {
        "性别(男1女2）": 1.0,
        "年龄": 11.9,
        "WBC(109/L)": 166.05,
        "RBC(1012/L)": 3.86,
        "HGB(g/L)": 88.0,
        "HCT(％）": 28.7,
        "MCV(fL)": 80.6,
        "MCH(pg)": 24.7,
        "MCHC(g/L)": 307.0,
        "PLT(109/L)": 13.0,
        "RDW-SD(fL)": 47.0,
        "RDW-CV(％）": 17.5,
        "PDW（fL)": 11.718354,
        "MPV(fL)": 10.420886,
        "P-LCR(％）": 27.943037,
        "PCT(％）": 0.12753165,
        "NRBC﹟(109/L)": 0.18,
        "NRBC％（/100WBC)": 0.1,
        "NEUT％": 5.7,
        "LYMPH％": 66.01167,
        "MONO％": 13.67052,
        "EO％": 0.1,
        "BASO％": 0.2,
        "IG﹟(109/L)": 1.19,
        "IG％": 0.7
    },
    "淋巴类别": {
        "Blasts/Abn Ly": 300.0,
        "Atypical": 300.0,
        "Atypical.1": 180.0,
        "Blasts": 0.0,
        "Abn Ly": 300.0
    },
    "血常规通道参数": {
        "WNR-X": 181.1,
        "WNR-Y": 97.8,
        "WNR-Z": 99.8,
        "WPC-X": 70.1,
        "WPC-Y": 160.9,
        "WPC-Z": 88.1,
        "HFLC%": 0.8,
        "WBC": 166.24,
        "NE-SSC": 149.3,
        "NE-SFL": 46.5,
        "NE-FSC": 76.6,
        "LY-X": 84.8,
        "LY-Y": 73.6,
        "LY-Z": 60.7,
        "MO-X": 108.3,
        "MO-Y": 119.6,
        "MO-Z": 68.0,
        "NE-WX": 509.0,
        "NE-WY": 1719.0,
        "NE-WZ": 1006.0,
        "LY-WX": 472.0,
        "LY-WY": 1019.0,
        "LY-WZ": 593.0,
        "MO-WX": 305.0,
        "MO-WY": 903.0,
        "MO-WZ": 868.0
    },
    "镜检": 70,
    "label": 0
}