{
    "基础信息": {
        "住院号": 572743,
        "条码号": 20656329400,
        "序号": 1253
    },
    "图片路径": "../acute_arms/1253.png",
    "临床": {
        "发热": 0,
        "关节及骨骼痛": 0,
        "出血": 1,
        "贫血": 0,
        "器官肿大": 0,
        "中枢神经系统症状": 0,
        "腹痛": 0,
        "咳嗽": 0,
        "皮疹": 0
    },
    "生化": {
        "乳酸脱氢酶LDH": 683.0,
        "铁蛋白Fer": 933.02454
    },
    "血常规报告参数": {
        "性别(男1女2）": 1.0,
        "年龄": 11.9,
        "WBC(109/L)": 39.86,
        "RBC(1012/L)": 3.35,
        "HGB(g/L)": 87.0,
        "HCT(％）": 27.0,
        "MCV(fL)": 80.6,
        "MCH(pg)": 26.0,
        "MCHC(g/L)": 322.0,
        "PLT(109/L)": 10.0,
        "RDW-SD(fL)": 45.8,
        "RDW-CV(％）": 17.2,
        "PDW（fL)": 11.718354,
        "MPV(fL)": 10.420886,
        "P-LCR(％）": 27.943037,
        "PCT(％）": 0.12753165,
        "NRBC﹟(109/L)": 0.08,
        "NRBC％（/100WBC)": 0.2,
        "NEUT％": 10.6,
        "LYMPH％": 66.01167,
        "MONO％": 13.67052,
        "EO％": 0.1,
        "BASO％": 0.2,
        "IG﹟(109/L)": 0.4,
        "IG％": 1.0
    },
    "淋巴类别": {
        "Blasts/Abn Ly": 300.0,
        "Atypical": 300.0,
        "Atypical.1": 200.0,
        "Blasts": 0.0,
        "Abn Ly": 300.0
    },
    "血常规通道参数": {
        "WNR-X": 178.8,
        "WNR-Y": 96.5,
        "WNR-Z": 94.7,
        "WPC-X": 69.8,
        "WPC-Y": 170.2,
        "WPC-Z": 82.9,
        "HFLC%": 1.1,
        "WBC": 39.2,
        "NE-SSC": 147.2,
        "NE-SFL": 45.0,
        "NE-FSC": 82.4,
        "LY-X": 84.4,
        "LY-Y": 70.3,
        "LY-Z": 61.9,
        "MO-X": 107.3,
        "MO-Y": 106.7,
        "MO-Z": 66.0,
        "NE-WX": 476.0,
        "NE-WY": 1445.0,
        "NE-WZ": 765.0,
        "LY-WX": 521.0,
        "LY-WY": 1224.0,
        "LY-WZ": 678.0,
        "MO-WX": 345.0,
        "MO-WY": 1134.0,
        "MO-WZ": 984.0
    },
    "镜检": 65,
    "label": 0
}