{
    "基础信息": {
        "住院号": 572854,
        "条码号": 20656883200,
        "序号": 1254
    },
    "图片路径": "../acute_arms/1254.png",
    "临床": {
        "发热": 0,
        "关节及骨骼痛": 0,
        "出血": 0,
        "贫血": 0,
        "器官肿大": 1,
        "中枢神经系统症状": 0,
        "腹痛": 0,
        "咳嗽": 0,
        "皮疹": 0
    },
    "生化": {
        "乳酸脱氢酶LDH": 1470.0,
        "铁蛋白Fer": 113.5
    },
    "血常规报告参数": {
        "性别(男1女2）": 2.0,
        "年龄": 10.9,
        "WBC(109/L)": 292.82,
        "RBC(1012/L)": 4.55,
        "HGB(g/L)": 126.0,
        "HCT(％）": 38.9,
        "MCV(fL)": 85.5,
        "MCH(pg)": 27.7,
        "MCHC(g/L)": 324.0,
        "PLT(109/L)": 140.0,
        "RDW-SD(fL)": 40.9,
        "RDW-CV(％）": 13.7,
        "PDW（fL)": 11.8,
        "MPV(fL)": 10.2,
        "P-LCR(％）": 27.2,
        "PCT(％）": 0.14,
        "NRBC﹟(109/L)": 0.41,
        "NRBC％（/100WBC)": 0.1,
        "NEUT％": 18.289114,
        "LYMPH％": 66.01167,
        "MONO％": 13.67052,
        "EO％": 0.3,
        "BASO％": 2.0,
        "IG﹟(109/L)": 0.28725663,
        "IG％": 1.1150442
    },
    "淋巴类别": {
        "Blasts/Abn Ly": 270.0,
        "Atypical": 140.0,
        "Atypical.1": 0.0,
        "Blasts": 0.0,
        "Abn Ly": 270.0
    },
    "血常规通道参数": {
        "WNR-X": 160.2,
        "WNR-Y": 103.3,
        "WNR-Z": 84.8,
        "WPC-X": 61.0,
        "WPC-Y": 168.5,
        "WPC-Z": 92.5,
        "HFLC%": 0.0,
        "WBC": 287.87,
        "NE-SSC": 144.5,
        "NE-SFL": 44.0,
        "NE-FSC": 88.2,
        "LY-X": 79.1,
        "LY-Y": 55.2,
        "LY-Z": 58.6,
        "MO-X": 106.4,
        "MO-Y": 185.0,
        "MO-Z": 68.3,
        "NE-WX": 388.0,
        "NE-WY": 1090.0,
        "NE-WZ": 714.0,
        "LY-WX": 557.0,
        "LY-WY": 1123.0,
        "LY-WZ": 547.0,
        "MO-WX": 282.0,
        "MO-WY": 1077.0,
        "MO-WZ": 1260.0
    },
    "镜检": 53,
    "label": 0
}