{
    "基础信息": {
        "住院号": 575261,
        "条码号": 2067729800,
        "序号": 1262
    },
    "图片路径": "../acute_arms/1262.png",
    "临床": {
        "发热": 1,
        "关节及骨骼痛": 0,
        "出血": 0,
        "贫血": 1,
        "器官肿大": 0,
        "中枢神经系统症状": 0,
        "腹痛": 0,
        "咳嗽": 0,
        "皮疹": 0
    },
    "生化": {
        "乳酸脱氢酶LDH": 465.0,
        "铁蛋白Fer": 284.21
    },
    "血常规报告参数": {
        "性别(男1女2）": 1.0,
        "年龄": 5.9,
        "WBC(109/L)": 2.37,
        "RBC(1012/L)": 3.24,
        "HGB(g/L)": 84.0,
        "HCT(％）": 25.1,
        "MCV(fL)": 77.5,
        "MCH(pg)": 25.9,
        "MCHC(g/L)": 335.0,
        "PLT(109/L)": 64.0,
        "RDW-SD(fL)": 41.7,
        "RDW-CV(％）": 15.2,
        "PDW（fL)": 11.718354,
        "MPV(fL)": 10.420886,
        "P-LCR(％）": 27.943037,
        "PCT(％）": 0.12753165,
        "NRBC﹟(109/L)": 0.03,
        "NRBC％（/100WBC)": 1.3,
        "NEUT％": 12.3,
        "LYMPH％": 71.7,
        "MONO％": 15.2,
        "EO％": 0.8,
        "BASO％": 0.0,
        "IG﹟(109/L)": 0.01,
        "IG％": 0.4
    },
    "淋巴类别": {
        "Blasts/Abn Ly": 250.0,
        "Atypical": 120.0,
        "Atypical.1": 52.25941422594142,
        "Blasts": 69.35344827586206,
        "Abn Ly": 164.82608695652175
    },
    "血常规通道参数": {
        "WNR-X": 173.0,
        "WNR-Y": 104.6,
        "WNR-Z": 85.1,
        "WPC-X": 70.35796460176992,
        "WPC-Y": 167.4270353982301,
        "WPC-Z": 86.76327433628319,
        "HFLC%": 0.0,
        "WBC": 2.37,
        "NE-SSC": 153.3,
        "NE-SFL": 51.0,
        "NE-FSC": 85.7,
        "LY-X": 75.6,
        "LY-Y": 60.3,
        "LY-Z": 56.2,
        "MO-X": 103.8,
        "MO-Y": 104.4,
        "MO-Z": 72.9,
        "NE-WX": 339.0,
        "NE-WY": 785.0,
        "NE-WZ": 549.0,
        "LY-WX": 529.0,
        "LY-WY": 895.0,
        "LY-WZ": 534.0,
        "MO-WX": 540.0,
        "MO-WY": 795.0,
        "MO-WZ": 782.0
    },
    "镜检": 13,
    "label": 0
}