{
    "基础信息": {
        "住院号": 518607,
        "条码号": 20554399800,
        "序号": 1270
    },
    "图片路径": "../acute_arms/1270.png",
    "临床": {
        "发热": 1,
        "关节及骨骼痛": 1,
        "出血": 0,
        "贫血": 1,
        "器官肿大": 0,
        "中枢神经系统症状": 0,
        "腹痛": 0,
        "咳嗽": 0,
        "皮疹": 0
    },
    "生化": {
        "乳酸脱氢酶LDH": 246.0,
        "铁蛋白Fer": 933.02454
    },
    "血常规报告参数": {
        "性别(男1女2）": 1.0,
        "年龄": 6.9,
        "WBC(109/L)": 3.26,
        "RBC(1012/L)": 3.25,
        "HGB(g/L)": 115.0,
        "HCT(％）": 32.9,
        "MCV(fL)": 101.2,
        "MCH(pg)": 35.4,
        "MCHC(g/L)": 350.0,
        "PLT(109/L)": 418.0,
        "RDW-SD(fL)": 61.0,
        "RDW-CV(％）": 16.4,
        "PDW（fL)": 8.6,
        "MPV(fL)": 8.9,
        "P-LCR(％）": 15.2,
        "PCT(％）": 0.37,
        "NRBC﹟(109/L)": 0.0,
        "NRBC％（/100WBC)": 0.0,
        "NEUT％": 40.8,
        "LYMPH％": 39.0,
        "MONO％": 17.5,
        "EO％": 2.1,
        "BASO％": 0.6,
        "IG﹟(109/L)": 0.01,
        "IG％": 0.3
    },
    "淋巴类别": {
        "Blasts/Abn Ly": 90.0,
        "Atypical": 0.0,
        "Atypical.1": 52.25941422594142,
        "Blasts": 69.35344827586206,
        "Abn Ly": 164.82608695652175
    },
    "血常规通道参数": {
        "WNR-X": 163.7,
        "WNR-Y": 100.1,
        "WNR-Z": 87.6,
        "WPC-X": 70.35796460176992,
        "WPC-Y": 167.4270353982301,
        "WPC-Z": 86.76327433628319,
        "HFLC%": 0.0,
        "WBC": 3.26,
        "NE-SSC": 158.3,
        "NE-SFL": 45.1,
        "NE-FSC": 82.3,
        "LY-X": 84.0,
        "LY-Y": 77.7,
        "LY-Z": 60.3,
        "MO-X": 118.5,
        "MO-Y": 103.9,
        "MO-Z": 66.5,
        "NE-WX": 297.0,
        "NE-WY": 577.0,
        "NE-WZ": 608.0,
        "LY-WX": 428.0,
        "LY-WY": 811.0,
        "LY-WZ": 564.0,
        "MO-WX": 253.0,
        "MO-WY": 683.0,
        "MO-WZ": 587.0
    },
    "镜检": 7,
    "label": 0
}