{
    "基础信息": {
        "住院号": 503341,
        "条码号": 20512516000,
        "序号": 1275
    },
    "图片路径": "../acute_arms/1275.png",
    "临床": {
        "发热": 0,
        "关节及骨骼痛": 0,
        "出血": 0,
        "贫血": 0,
        "器官肿大": 0,
        "中枢神经系统症状": 0,
        "腹痛": 0,
        "咳嗽": 0,
        "皮疹": 0
    },
    "生化": {
        "乳酸脱氢酶LDH": 330.0,
        "铁蛋白Fer": 933.02454
    },
    "血常规报告参数": {
        "性别(男1女2）": 1.0,
        "年龄": 8.9,
        "WBC(109/L)": 3.91,
        "RBC(1012/L)": 3.74,
        "HGB(g/L)": 118.0,
        "HCT(％）": 33.4,
        "MCV(fL)": 89.3,
        "MCH(pg)": 31.6,
        "MCHC(g/L)": 353.0,
        "PLT(109/L)": 154.0,
        "RDW-SD(fL)": 51.1,
        "RDW-CV(％）": 15.8,
        "PDW（fL)": 7.8,
        "MPV(fL)": 8.8,
        "P-LCR(％）": 16.0,
        "PCT(％）": 0.14,
        "NRBC﹟(109/L)": 0.0,
        "NRBC％（/100WBC)": 0.0,
        "NEUT％": 35.3,
        "LYMPH％": 55.5,
        "MONO％": 8.4,
        "EO％": 0.3,
        "BASO％": 0.5,
        "IG﹟(109/L)": 0.02,
        "IG％": 0.5
    },
    "淋巴类别": {
        "Blasts/Abn Ly": 0.0,
        "Atypical": 300.0,
        "Atypical.1": 52.25941422594142,
        "Blasts": 69.35344827586206,
        "Abn Ly": 164.82608695652175
    },
    "血常规通道参数": {
        "WNR-X": 165.2,
        "WNR-Y": 101.1,
        "WNR-Z": 93.9,
        "WPC-X": 70.35796460176992,
        "WPC-Y": 167.4270353982301,
        "WPC-Z": 86.76327433628319,
        "HFLC%": 9.2,
        "WBC": 3.91,
        "NE-SSC": 150.9,
        "NE-SFL": 50.7,
        "NE-FSC": 88.0,
        "LY-X": 80.1,
        "LY-Y": 71.0,
        "LY-Z": 60.4,
        "MO-X": 119.2,
        "MO-Y": 109.4,
        "MO-Z": 66.0,
        "NE-WX": 318.0,
        "NE-WY": 572.0,
        "NE-WZ": 602.0,
        "LY-WX": 974.0,
        "LY-WY": 2029.0,
        "LY-WZ": 861.0,
        "MO-WX": 268.0,
        "MO-WY": 786.0,
        "MO-WZ": 591.0
    },
    "镜检": 15,
    "label": 0
}