{
    "基础信息": {
        "住院号": 496431,
        "条码号": 20531508400,
        "序号": 3001
    },
    "图片路径": "../disease_arms/3001.png",
    "临床": {
        "发热": 1,
        "关节及骨骼痛": 0,
        "出血": 0,
        "贫血": 0,
        "器官肿大": 1,
        "中枢神经系统症状": 0,
        "腹痛": 0,
        "咳嗽": 1,
        "皮疹": 0
    },
    "生化": {
        "乳酸脱氢酶LDH": 210.0,
        "铁蛋白Fer": 726.3194580078125
    },
    "血常规报告参数": {
        "性别(男1女2）": 1.0,
        "年龄": 1.7,
        "WBC(109/L)": 7.25,
        "RBC(1012/L)": 4.94,
        "HGB(g/L)": 136.0,
        "HCT(％）": 40.9,
        "MCV(fL)": 82.8,
        "MCH(pg)": 27.5,
        "MCHC(g/L)": 333.0,
        "PLT(109/L)": 208.0,
        "RDW-SD(fL)": 36.3,
        "RDW-CV(％）": 12.0,
        "PDW（fL)": 11.9,
        "MPV(fL)": 10.6,
        "P-LCR(％）": 29.0,
        "PCT(％）": 0.22,
        "NRBC﹟(109/L)": 0.0,
        "NRBC％（/100WBC)": 0.0,
        "NEUT％": 26.0,
        "LYMPH％": 68.4,
        "MONO％": 5.4,
        "EO％": 0.1,
        "BASO％": 0.1,
        "IG﹟(109/L)": 0.01,
        "IG％": 0.1
    },
    "淋巴类别": {
        "Blasts/Abn Ly": 130.0,
        "Atypical": 190.0,
        "Atypical.1": 257.807,
        "Blasts": 8.447489,
        "Abn Ly": 173.05936
    },
    "血常规通道参数": {
        "WNR-X": 158.6,
        "WNR-Y": 103.4,
        "WNR-Z": 85.2,
        "WPC-X": 72.40138,
        "WPC-Y": 170.86313,
        "WPC-Z": 85.347466,
        "HFLC%": 2.6,
        "WBC": 7.25,
        "NE-SSC": 149.9,
        "NE-SFL": 50.6,
        "NE-FSC": 83.1,
        "LY-X": 74.5,
        "LY-Y": 65.3,
        "LY-Z": 57.4,
        "MO-X": 119.7,
        "MO-Y": 101.6,
        "MO-Z": 61.4,
        "NE-WX": 294.0,
        "NE-WY": 593.0,
        "NE-WZ": 589.0,
        "LY-WX": 846.0,
        "LY-WY": 889.0,
        "LY-WZ": 575.0,
        "MO-WX": 267.0,
        "MO-WY": 738.0,
        "MO-WZ": 668.0
    },
    "镜检": 6,
    "label": 2
}