{
    "基础信息": {
        "住院号": 555158,
        "条码号": 20532429800,
        "序号": 3003
    },
    "图片路径": "../disease_arms/3003.png",
    "临床": {
        "发热": 0,
        "关节及骨骼痛": 0,
        "出血": 0,
        "贫血": 0,
        "器官肿大": 1,
        "中枢神经系统症状": 0,
        "腹痛": 0,
        "咳嗽": 0,
        "皮疹": 0
    },
    "生化": {
        "乳酸脱氢酶LDH": 580.0,
        "铁蛋白Fer": 726.3194580078125
    },
    "血常规报告参数": {
        "性别(男1女2）": 2.0,
        "年龄": 1.5,
        "WBC(109/L)": 24.39,
        "RBC(1012/L)": 6.13,
        "HGB(g/L)": 95.0,
        "HCT(％）": 33.5,
        "MCV(fL)": 54.6,
        "MCH(pg)": 15.5,
        "MCHC(g/L)": 284.0,
        "PLT(109/L)": 624.0,
        "RDW-SD(fL)": 40.5,
        "RDW-CV(％）": 24.1,
        "PDW（fL)": 11.6517105,
        "MPV(fL)": 10.272814,
        "P-LCR(％）": 26.68555,
        "PCT(％）": 0.26870722,
        "NRBC﹟(109/L)": 0.0,
        "NRBC％（/100WBC)": 0.0,
        "NEUT％": 31.6,
        "LYMPH％": 60.5,
        "MONO％": 6.8,
        "EO％": 0.5,
        "BASO％": 0.6,
        "IG﹟(109/L)": 0.1,
        "IG％": 0.4
    },
    "淋巴类别": {
        "Blasts/Abn Ly": 300.0,
        "Atypical": 300.0,
        "Atypical.1": 210.0,
        "Blasts": 0.0,
        "Abn Ly": 300.0
    },
    "血常规通道参数": {
        "WNR-X": 169.2,
        "WNR-Y": 103.0,
        "WNR-Z": 88.5,
        "WPC-X": 76.6,
        "WPC-Y": 167.5,
        "WPC-Z": 88.8,
        "HFLC%": 2.1,
        "WBC": 23.74,
        "NE-SSC": 151.3,
        "NE-SFL": 42.3,
        "NE-FSC": 82.4,
        "LY-X": 78.5,
        "LY-Y": 62.1,
        "LY-Z": 59.2,
        "MO-X": 121.4,
        "MO-Y": 100.0,
        "MO-Z": 60.0,
        "NE-WX": 330.0,
        "NE-WY": 592.0,
        "NE-WZ": 668.0,
        "LY-WX": 828.0,
        "LY-WY": 1692.0,
        "LY-WZ": 693.0,
        "MO-WX": 255.0,
        "MO-WY": 740.0,
        "MO-WZ": 666.0
    },
    "镜检": 19,
    "label": 2
}