{
    "基础信息": {
        "住院号": 555183,
        "条码号": 20532283600,
        "序号": 3004
    },
    "图片路径": "../disease_arms/3004.png",
    "临床": {
        "发热": 0,
        "关节及骨骼痛": 0,
        "出血": 0,
        "贫血": 1,
        "器官肿大": 0,
        "中枢神经系统症状": 0,
        "腹痛": 0,
        "咳嗽": 0,
        "皮疹": 0
    },
    "生化": {
        "乳酸脱氢酶LDH": 344.0,
        "铁蛋白Fer": 726.3194580078125
    },
    "血常规报告参数": {
        "性别(男1女2）": 1.0,
        "年龄": 0.1,
        "WBC(109/L)": 9.68,
        "RBC(1012/L)": 4.62,
        "HGB(g/L)": 64.0,
        "HCT(％）": 25.1,
        "MCV(fL)": 54.3,
        "MCH(pg)": 13.9,
        "MCHC(g/L)": 255.0,
        "PLT(109/L)": 424.0,
        "RDW-SD(fL)": 39.5,
        "RDW-CV(％）": 22.2,
        "PDW（fL)": 11.6517105,
        "MPV(fL)": 10.272814,
        "P-LCR(％）": 26.68555,
        "PCT(％）": 0.26870722,
        "NRBC﹟(109/L)": 0.05,
        "NRBC％（/100WBC)": 0.5,
        "NEUT％": 22.9,
        "LYMPH％": 70.0,
        "MONO％": 5.6,
        "EO％": 1.3,
        "BASO％": 0.2,
        "IG﹟(109/L)": 0.01,
        "IG％": 0.1
    },
    "淋巴类别": {
        "Blasts/Abn Ly": 200.0,
        "Atypical": 200.0,
        "Atypical.1": 140.0,
        "Blasts": 0.0,
        "Abn Ly": 290.0
    },
    "血常规通道参数": {
        "WNR-X": 173.3,
        "WNR-Y": 99.9,
        "WNR-Z": 83.4,
        "WPC-X": 73.3,
        "WPC-Y": 170.5,
        "WPC-Z": 86.6,
        "HFLC%": 1.5,
        "WBC": 9.47,
        "NE-SSC": 149.6,
        "NE-SFL": 45.0,
        "NE-FSC": 82.1,
        "LY-X": 77.0,
        "LY-Y": 63.5,
        "LY-Z": 57.0,
        "MO-X": 118.8,
        "MO-Y": 109.5,
        "MO-Z": 61.8,
        "NE-WX": 334.0,
        "NE-WY": 600.0,
        "NE-WZ": 633.0,
        "LY-WX": 662.0,
        "LY-WY": 1229.0,
        "LY-WZ": 579.0,
        "MO-WX": 269.0,
        "MO-WY": 676.0,
        "MO-WZ": 647.0
    },
    "镜检": 2,
    "label": 2
}