{
    "基础信息": {
        "住院号": 557285,
        "条码号": 20544617900,
        "序号": 3006
    },
    "图片路径": "../disease_arms/3006.png",
    "临床": {
        "发热": 1,
        "关节及骨骼痛": 0,
        "出血": 0,
        "贫血": 0,
        "器官肿大": 0,
        "中枢神经系统症状": 0,
        "腹痛": 0,
        "咳嗽": 1,
        "皮疹": 0
    },
    "生化": {
        "乳酸脱氢酶LDH": 319.0,
        "铁蛋白Fer": 726.3194580078125
    },
    "血常规报告参数": {
        "性别(男1女2）": 2.0,
        "年龄": 2.9,
        "WBC(109/L)": 5.68,
        "RBC(1012/L)": 4.63,
        "HGB(g/L)": 112.0,
        "HCT(％）": 35.6,
        "MCV(fL)": 76.9,
        "MCH(pg)": 24.2,
        "MCHC(g/L)": 315.0,
        "PLT(109/L)": 274.0,
        "RDW-SD(fL)": 36.9,
        "RDW-CV(％）": 13.3,
        "PDW（fL)": 8.5,
        "MPV(fL)": 8.6,
        "P-LCR(％）": 13.2,
        "PCT(％）": 0.24,
        "NRBC﹟(109/L)": 0.0,
        "NRBC％（/100WBC)": 0.0,
        "NEUT％": 53.1,
        "LYMPH％": 31.0,
        "MONO％": 13.2,
        "EO％": 2.3,
        "BASO％": 0.4,
        "IG﹟(109/L)": 0.03,
        "IG％": 0.5
    },
    "淋巴类别": {
        "Blasts/Abn Ly": 0.0,
        "Atypical": 300.0,
        "Atypical.1": 257.807,
        "Blasts": 8.447489,
        "Abn Ly": 173.05936
    },
    "血常规通道参数": {
        "WNR-X": 162.5,
        "WNR-Y": 95.7,
        "WNR-Z": 85.4,
        "WPC-X": 72.40138,
        "WPC-Y": 170.86313,
        "WPC-Z": 85.347466,
        "HFLC%": 4.6,
        "WBC": 5.68,
        "NE-SSC": 152.6,
        "NE-SFL": 49.5,
        "NE-FSC": 83.4,
        "LY-X": 78.2,
        "LY-Y": 65.2,
        "LY-Z": 57.5,
        "MO-X": 121.6,
        "MO-Y": 106.8,
        "MO-Z": 66.8,
        "NE-WX": 295.0,
        "NE-WY": 586.0,
        "NE-WZ": 636.0,
        "LY-WX": 1035.0,
        "LY-WY": 1042.0,
        "LY-WZ": 1062.0,
        "MO-WX": 288.0,
        "MO-WY": 702.0,
        "MO-WZ": 569.0
    },
    "镜检": 8,
    "label": 2
}