{
    "基础信息": {
        "住院号": 572443,
        "条码号": 20651791900,
        "序号": 3007
    },
    "图片路径": "../disease_arms/3007.png",
    "临床": {
        "发热": 1,
        "关节及骨骼痛": 1,
        "出血": 0,
        "贫血": 0,
        "器官肿大": 0,
        "中枢神经系统症状": 0,
        "腹痛": 0,
        "咳嗽": 0,
        "皮疹": 0
    },
    "生化": {
        "乳酸脱氢酶LDH": 215.0,
        "铁蛋白Fer": 360.39
    },
    "血常规报告参数": {
        "性别(男1女2）": 2.0,
        "年龄": 8.4,
        "WBC(109/L)": 4.32,
        "RBC(1012/L)": 3.61,
        "HGB(g/L)": 60.0,
        "HCT(％）": 20.8,
        "MCV(fL)": 57.6,
        "MCH(pg)": 16.6,
        "MCHC(g/L)": 288.0,
        "PLT(109/L)": 331.0,
        "RDW-SD(fL)": 33.2,
        "RDW-CV(％）": 17.3,
        "PDW（fL)": 11.6517105,
        "MPV(fL)": 10.272814,
        "P-LCR(％）": 26.68555,
        "PCT(％）": 0.26870722,
        "NRBC﹟(109/L)": 0.01,
        "NRBC％（/100WBC)": 0.2,
        "NEUT％": 38.0,
        "LYMPH％": 58.3,
        "MONO％": 3.5,
        "EO％": 0.2,
        "BASO％": 0.0,
        "IG﹟(109/L)": 0.03,
        "IG％": 0.7
    },
    "淋巴类别": {
        "Blasts/Abn Ly": 0.0,
        "Atypical": 300.0,
        "Atypical.1": 257.807,
        "Blasts": 8.447489,
        "Abn Ly": 173.05936
    },
    "血常规通道参数": {
        "WNR-X": 170.0,
        "WNR-Y": 96.1,
        "WNR-Z": 80.7,
        "WPC-X": 74.7,
        "WPC-Y": 167.0,
        "WPC-Z": 87.7,
        "HFLC%": 3.1,
        "WBC": 4.48,
        "NE-SSC": 136.6,
        "NE-SFL": 51.6,
        "NE-FSC": 85.5,
        "LY-X": 82.3,
        "LY-Y": 73.0,
        "LY-Z": 59.8,
        "MO-X": 121.2,
        "MO-Y": 128.4,
        "MO-Z": 64.5,
        "NE-WX": 337.0,
        "NE-WY": 543.0,
        "NE-WZ": 631.0,
        "LY-WX": 523.0,
        "LY-WY": 973.0,
        "LY-WZ": 569.0,
        "MO-WX": 239.0,
        "MO-WY": 467.0,
        "MO-WZ": 635.0
    },
    "镜检": 6,
    "label": 2
}