{
    "基础信息": {
        "住院号": 280935,
        "条码号": 20935789500,
        "序号": 3030
    },
    "图片路径": "../disease_arms/3030.png",
    "临床": {
        "发热": 1,
        "关节及骨骼痛": 0,
        "出血": 0,
        "贫血": 0,
        "器官肿大": 0,
        "中枢神经系统症状": 0,
        "腹痛": 0,
        "咳嗽": 1,
        "皮疹": 0
    },
    "生化": {
        "乳酸脱氢酶LDH": 243.0,
        "铁蛋白Fer": 1093.97
    },
    "血常规报告参数": {
        "性别(男1女2）": 1.0,
        "年龄": 8.0,
        "WBC(109/L)": 33.91,
        "RBC(1012/L)": 4.21,
        "HGB(g/L)": 98.0,
        "HCT(％）": 29.9,
        "MCV(fL)": 71.0,
        "MCH(pg)": 23.3,
        "MCHC(g/L)": 328.0,
        "PLT(109/L)": 860.0,
        "RDW-SD(fL)": 59.0,
        "RDW-CV(％）": 24.8,
        "PDW（fL)": 12.2,
        "MPV(fL)": 10.8,
        "P-LCR(％）": 31.7,
        "PCT(％）": 1.07,
        "NRBC﹟(109/L)": 15.16,
        "NRBC％（/100WBC)": 44.7,
        "NEUT％": 68.6,
        "LYMPH％": 16.1,
        "MONO％": 10.2,
        "EO％": 4.3,
        "BASO％": 0.8,
        "IG﹟(109/L)": 0.36,
        "IG％": 1.1
    },
    "淋巴类别": {
        "Blasts/Abn Ly": 217.34767,
        "Atypical": 261.3167,
        "Atypical.1": 0.0,
        "Blasts": 300.0,
        "Abn Ly": 0.0
    },
    "血常规通道参数": {
        "WNR-X": 166.15053,
        "WNR-Y": 104.62242,
        "WNR-Z": 89.731674,
        "WPC-X": 72.40138,
        "WPC-Y": 170.86313,
        "WPC-Z": 85.347466,
        "HFLC%": 0.0,
        "WBC": 33.91,
        "NE-SSC": 150.5,
        "NE-SFL": 37.4,
        "NE-FSC": 85.1,
        "LY-X": 80.8,
        "LY-Y": 17.8,
        "LY-Z": 56.1,
        "MO-X": 119.3,
        "MO-Y": 82.6,
        "MO-Z": 63.1,
        "NE-WX": 385.0,
        "NE-WY": 722.0,
        "NE-WZ": 776.0,
        "LY-WX": 718.0,
        "LY-WY": 1126.0,
        "LY-WZ": 837.0,
        "MO-WX": 243.0,
        "MO-WY": 617.0,
        "MO-WZ": 602.0
    },
    "镜检": 3,
    "label": 2
}