{
    "基础信息": {
        "住院号": 554841,
        "条码号": 20629160500,
        "序号": 3032
    },
    "图片路径": "../disease_arms/3032.png",
    "临床": {
        "发热": 1,
        "关节及骨骼痛": 0,
        "出血": 0,
        "贫血": 0,
        "器官肿大": 0,
        "中枢神经系统症状": 1,
        "腹痛": 0,
        "咳嗽": 1,
        "皮疹": 0
    },
    "生化": {
        "乳酸脱氢酶LDH": 435.0,
        "铁蛋白Fer": 726.3194580078125
    },
    "血常规报告参数": {
        "性别(男1女2）": 1.0,
        "年龄": 3.2,
        "WBC(109/L)": 18.37,
        "RBC(1012/L)": 5.22,
        "HGB(g/L)": 130.0,
        "HCT(％）": 39.5,
        "MCV(fL)": 75.7,
        "MCH(pg)": 24.9,
        "MCHC(g/L)": 329.0,
        "PLT(109/L)": 275.0,
        "RDW-SD(fL)": 34.2,
        "RDW-CV(％）": 12.9,
        "PDW（fL)": 10.7,
        "MPV(fL)": 10.0,
        "P-LCR(％）": 23.7,
        "PCT(％）": 0.27,
        "NRBC﹟(109/L)": 0.01,
        "NRBC％（/100WBC)": 0.1,
        "NEUT％": 19.8,
        "LYMPH％": 64.583786,
        "MONO％": 7.2346845,
        "EO％": 0.2,
        "BASO％": 0.9,
        "IG﹟(109/L)": 0.04,
        "IG％": 0.2
    },
    "淋巴类别": {
        "Blasts/Abn Ly": 300.0,
        "Atypical": 300.0,
        "Atypical.1": 300.0,
        "Blasts": 0.0,
        "Abn Ly": 300.0
    },
    "血常规通道参数": {
        "WNR-X": 164.5,
        "WNR-Y": 106.9,
        "WNR-Z": 89.3,
        "WPC-X": 71.4,
        "WPC-Y": 167.7,
        "WPC-Z": 85.4,
        "HFLC%": 2.2,
        "WBC": 17.79,
        "NE-SSC": 151.3,
        "NE-SFL": 42.3,
        "NE-FSC": 87.9,
        "LY-X": 87.2,
        "LY-Y": 69.8,
        "LY-Z": 59.6,
        "MO-X": 109.5,
        "MO-Y": 105.3,
        "MO-Z": 63.2,
        "NE-WX": 357.0,
        "NE-WY": 591.0,
        "NE-WZ": 649.0,
        "LY-WX": 528.0,
        "LY-WY": 1490.0,
        "LY-WZ": 890.0,
        "MO-WX": 292.0,
        "MO-WY": 1291.0,
        "MO-WZ": 950.0
    },
    "镜检": 29,
    "label": 2
}