{
    "基础信息": {
        "住院号": 362030,
        "条码号": 20641241400,
        "序号": 3034
    },
    "图片路径": "../disease_arms/3034.png",
    "临床": {
        "发热": 1,
        "关节及骨骼痛": 0,
        "出血": 0,
        "贫血": 0,
        "器官肿大": 1,
        "中枢神经系统症状": 0,
        "腹痛": 0,
        "咳嗽": 1,
        "皮疹": 0
    },
    "生化": {
        "乳酸脱氢酶LDH": 518.0,
        "铁蛋白Fer": 726.3194580078125
    },
    "血常规报告参数": {
        "性别(男1女2）": 1.0,
        "年龄": 4.7,
        "WBC(109/L)": 15.99,
        "RBC(1012/L)": 4.32,
        "HGB(g/L)": 111.0,
        "HCT(％）": 32.9,
        "MCV(fL)": 76.2,
        "MCH(pg)": 25.7,
        "MCHC(g/L)": 337.0,
        "PLT(109/L)": 202.0,
        "RDW-SD(fL)": 38.0,
        "RDW-CV(％）": 13.7,
        "PDW（fL)": 13.7,
        "MPV(fL)": 11.4,
        "P-LCR(％）": 34.6,
        "PCT(％）": 0.23,
        "NRBC﹟(109/L)": 0.0,
        "NRBC％（/100WBC)": 0.0,
        "NEUT％": 42.1,
        "LYMPH％": 64.583786,
        "MONO％": 7.2346845,
        "EO％": 0.0,
        "BASO％": 0.9,
        "IG﹟(109/L)": 0.08,
        "IG％": 0.5
    },
    "淋巴类别": {
        "Blasts/Abn Ly": 217.34767,
        "Atypical": 300.0,
        "Atypical.1": 300.0,
        "Blasts": 0.0,
        "Abn Ly": 300.0
    },
    "血常规通道参数": {
        "WNR-X": 168.2,
        "WNR-Y": 103.9,
        "WNR-Z": 93.3,
        "WPC-X": 74.0,
        "WPC-Y": 169.5,
        "WPC-Z": 88.4,
        "HFLC%": 4.2,
        "WBC": 16.03,
        "NE-SSC": 148.9,
        "NE-SFL": 51.7,
        "NE-FSC": 84.9,
        "LY-X": 91.3,
        "LY-Y": 83.7,
        "LY-Z": 59.9,
        "MO-X": 110.6,
        "MO-Y": 107.1,
        "MO-Z": 60.8,
        "NE-WX": 329.0,
        "NE-WY": 639.0,
        "NE-WZ": 636.0,
        "LY-WX": 515.0,
        "LY-WY": 1315.0,
        "LY-WZ": 1152.0,
        "MO-WX": 316.0,
        "MO-WY": 1186.0,
        "MO-WZ": 970.0
    },
    "镜检": 20,
    "label": 2
}