{
    "基础信息": {
        "住院号": 571138,
        "条码号": 20641460000,
        "序号": 3035
    },
    "图片路径": "../disease_arms/3035.png",
    "临床": {
        "发热": 0,
        "关节及骨骼痛": 0,
        "出血": 0,
        "贫血": 0,
        "器官肿大": 0,
        "中枢神经系统症状": 0,
        "腹痛": 0,
        "咳嗽": 1,
        "皮疹": 0
    },
    "生化": {
        "乳酸脱氢酶LDH": 357.0,
        "铁蛋白Fer": 726.3194580078125
    },
    "血常规报告参数": {
        "性别(男1女2）": 1.0,
        "年龄": 2.6,
        "WBC(109/L)": 7.86,
        "RBC(1012/L)": 4.78,
        "HGB(g/L)": 126.0,
        "HCT(％）": 37.5,
        "MCV(fL)": 78.5,
        "MCH(pg)": 26.4,
        "MCHC(g/L)": 336.0,
        "PLT(109/L)": 271.0,
        "RDW-SD(fL)": 36.8,
        "RDW-CV(％）": 12.9,
        "PDW（fL)": 9.5,
        "MPV(fL)": 9.0,
        "P-LCR(％）": 16.3,
        "PCT(％）": 0.24,
        "NRBC﹟(109/L)": 0.01,
        "NRBC％（/100WBC)": 0.1,
        "NEUT％": 28.3,
        "LYMPH％": 64.5,
        "MONO％": 6.1,
        "EO％": 1.0,
        "BASO％": 0.1,
        "IG﹟(109/L)": 0.01,
        "IG％": 0.1
    },
    "淋巴类别": {
        "Blasts/Abn Ly": 120.0,
        "Atypical": 120.0,
        "Atypical.1": 130.0,
        "Blasts": 0.0,
        "Abn Ly": 120.0
    },
    "血常规通道参数": {
        "WNR-X": 159.4,
        "WNR-Y": 102.0,
        "WNR-Z": 82.5,
        "WPC-X": 67.7,
        "WPC-Y": 167.3,
        "WPC-Z": 82.2,
        "HFLC%": 3.505,
        "WBC": 11.602566,
        "NE-SSC": 149.5826,
        "NE-SFL": 49.36121,
        "NE-FSC": 83.860855,
        "LY-X": 80.68505,
        "LY-Y": 71.64092,
        "LY-Z": 59.195194,
        "MO-X": 117.62957,
        "MO-Y": 113.82494,
        "MO-Z": 63.520817,
        "NE-WX": 322.58008,
        "NE-WY": 609.48755,
        "NE-WZ": 647.8897,
        "LY-WX": 722.83984,
        "LY-WY": 1351.0996,
        "LY-WZ": 674.7865,
        "MO-WX": 286.77936,
        "MO-WY": 755.2028,
        "MO-WZ": 696.09607
    },
    "镜检": 7,
    "label": 2
}