{
    "基础信息": {
        "住院号": 554841,
        "条码号": 20629160500,
        "序号": 3038
    },
    "图片路径": "../disease_arms/3038.png",
    "临床": {
        "发热": 1,
        "关节及骨骼痛": 0,
        "出血": 0,
        "贫血": 0,
        "器官肿大": 0,
        "中枢神经系统症状": 1,
        "腹痛": 0,
        "咳嗽": 1,
        "皮疹": 0
    },
    "生化": {
        "乳酸脱氢酶LDH": 435.0,
        "铁蛋白Fer": 726.3194580078125
    },
    "血常规报告参数": {
        "性别(男1女2）": 1.0,
        "年龄": 3.2,
        "WBC(109/L)": 11.711986,
        "RBC(1012/L)": 4.4130993,
        "HGB(g/L)": 117.32624,
        "HCT(％）": 35.311348,
        "MCV(fL)": 80.37908,
        "MCH(pg)": 26.58688,
        "MCHC(g/L)": 328.18652,
        "PLT(109/L)": 248.19148,
        "RDW-SD(fL)": 39.13759,
        "RDW-CV(％）": 13.588688,
        "PDW（fL)": 11.6517105,
        "MPV(fL)": 10.272814,
        "P-LCR(％）": 26.68555,
        "PCT(％）": 0.26870722,
        "NRBC﹟(109/L)": 0.060248226,
        "NRBC％（/100WBC)": 0.22375886,
        "NEUT％": 25.906384,
        "LYMPH％": 64.583786,
        "MONO％": 7.2346845,
        "EO％": 0.9443262,
        "BASO％": 0.6124468,
        "IG﹟(109/L)": 0.05432624,
        "IG％": 0.50375885
    },
    "淋巴类别": {
        "Blasts/Abn Ly": 300.0,
        "Atypical": 300.0,
        "Atypical.1": 300.0,
        "Blasts": 0.0,
        "Abn Ly": 300.0
    },
    "血常规通道参数": {
        "WNR-X": 164.5,
        "WNR-Y": 106.9,
        "WNR-Z": 89.3,
        "WPC-X": 71.4,
        "WPC-Y": 167.7,
        "WPC-Z": 85.4,
        "HFLC%": 2.2,
        "WBC": 17.79,
        "NE-SSC": 151.3,
        "NE-SFL": 42.3,
        "NE-FSC": 87.9,
        "LY-X": 87.2,
        "LY-Y": 69.8,
        "LY-Z": 59.6,
        "MO-X": 109.5,
        "MO-Y": 105.3,
        "MO-Z": 63.2,
        "NE-WX": 357.0,
        "NE-WY": 591.0,
        "NE-WZ": 649.0,
        "LY-WX": 528.0,
        "LY-WY": 1490.0,
        "LY-WZ": 890.0,
        "MO-WX": 292.0,
        "MO-WY": 1291.0,
        "MO-WZ": 950.0
    },
    "镜检": 29,
    "label": 2
}