{
    "基础信息": {
        "住院号": 321981,
        "条码号": 20466472800,
        "序号": 3039
    },
    "图片路径": "../disease_arms/3039.png",
    "临床": {
        "发热": 1,
        "关节及骨骼痛": 0,
        "出血": 0,
        "贫血": 0,
        "器官肿大": 1,
        "中枢神经系统症状": 0,
        "腹痛": 0,
        "咳嗽": 1,
        "皮疹": 0
    },
    "生化": {
        "乳酸脱氢酶LDH": 531.0,
        "铁蛋白Fer": 351.14
    },
    "血常规报告参数": {
        "性别(男1女2）": 1.0,
        "年龄": 5.0,
        "WBC(109/L)": 16.31,
        "RBC(1012/L)": 4.41,
        "HGB(g/L)": 114.0,
        "HCT(％）": 34.5,
        "MCV(fL)": 78.2,
        "MCH(pg)": 25.9,
        "MCHC(g/L)": 330.0,
        "PLT(109/L)": 260.0,
        "RDW-SD(fL)": 37.1,
        "RDW-CV(％）": 12.9,
        "PDW（fL)": 10.5,
        "MPV(fL)": 9.3,
        "P-LCR(％）": 20.0,
        "PCT(％）": 0.24,
        "NRBC﹟(109/L)": 0.03,
        "NRBC％（/100WBC)": 0.2,
        "NEUT％": 19.9,
        "LYMPH％": 64.583786,
        "MONO％": 7.2346845,
        "EO％": 0.1,
        "BASO％": 1.3,
        "IG﹟(109/L)": 0.05,
        "IG％": 0.3
    },
    "淋巴类别": {
        "Blasts/Abn Ly": 300.0,
        "Atypical": 300.0,
        "Atypical.1": 257.807,
        "Blasts": 8.447489,
        "Abn Ly": 173.05936
    },
    "血常规通道参数": {
        "WNR-X": 168.2,
        "WNR-Y": 106.6,
        "WNR-Z": 93.7,
        "WPC-X": 72.40138,
        "WPC-Y": 170.86313,
        "WPC-Z": 85.347466,
        "HFLC%": 2.7,
        "WBC": 16.31,
        "NE-SSC": 149.4,
        "NE-SFL": 49.1,
        "NE-FSC": 86.4,
        "LY-X": 84.5,
        "LY-Y": 81.0,
        "LY-Z": 60.3,
        "MO-X": 107.2,
        "MO-Y": 131.6,
        "MO-Z": 67.6,
        "NE-WX": 315.0,
        "NE-WY": 610.0,
        "NE-WZ": 659.0,
        "LY-WX": 497.0,
        "LY-WY": 1247.0,
        "LY-WZ": 680.0,
        "MO-WX": 326.0,
        "MO-WY": 767.0,
        "MO-WZ": 873.0
    },
    "镜检": 17,
    "label": 2
}