{
    "基础信息": {
        "住院号": 543496,
        "条码号": 20469983600,
        "序号": 3044
    },
    "图片路径": "../disease_arms/3044.png",
    "临床": {
        "发热": 1,
        "关节及骨骼痛": 0,
        "出血": 0,
        "贫血": 0,
        "器官肿大": 0,
        "中枢神经系统症状": 0,
        "腹痛": 0,
        "咳嗽": 1,
        "皮疹": 0
    },
    "生化": {
        "乳酸脱氢酶LDH": 285.0,
        "铁蛋白Fer": 726.3194580078125
    },
    "血常规报告参数": {
        "性别(男1女2）": 1.0,
        "年龄": 1.7,
        "WBC(109/L)": 5.34,
        "RBC(1012/L)": 4.98,
        "HGB(g/L)": 125.0,
        "HCT(％）": 37.6,
        "MCV(fL)": 75.5,
        "MCH(pg)": 25.1,
        "MCHC(g/L)": 332.0,
        "PLT(109/L)": 224.0,
        "RDW-SD(fL)": 36.9,
        "RDW-CV(％）": 13.7,
        "PDW（fL)": 10.4,
        "MPV(fL)": 9.5,
        "P-LCR(％）": 21.1,
        "PCT(％）": 0.21,
        "NRBC﹟(109/L)": 0.0,
        "NRBC％（/100WBC)": 0.0,
        "NEUT％": 60.7,
        "LYMPH％": 26.0,
        "MONO％": 9.2,
        "EO％": 3.9,
        "BASO％": 0.2,
        "IG﹟(109/L)": 0.02,
        "IG％": 0.4
    },
    "淋巴类别": {
        "Blasts/Abn Ly": 40.0,
        "Atypical": 200.0,
        "Atypical.1": 257.807,
        "Blasts": 8.447489,
        "Abn Ly": 173.05936
    },
    "血常规通道参数": {
        "WNR-X": 158.5,
        "WNR-Y": 95.7,
        "WNR-Z": 85.7,
        "WPC-X": 72.40138,
        "WPC-Y": 170.86313,
        "WPC-Z": 85.347466,
        "HFLC%": 2.1,
        "WBC": 5.34,
        "NE-SSC": 157.8,
        "NE-SFL": 49.2,
        "NE-FSC": 87.5,
        "LY-X": 74.5,
        "LY-Y": 57.7,
        "LY-Z": 54.3,
        "MO-X": 118.8,
        "MO-Y": 101.3,
        "MO-Z": 62.8,
        "NE-WX": 298.0,
        "NE-WY": 569.0,
        "NE-WZ": 628.0,
        "LY-WX": 712.0,
        "LY-WY": 1040.0,
        "LY-WZ": 811.0,
        "MO-WX": 328.0,
        "MO-WY": 810.0,
        "MO-WZ": 605.0
    },
    "镜检": 6,
    "label": 2
}