{
    "基础信息": {
        "住院号": 539833,
        "条码号": 20470507700,
        "序号": 3046
    },
    "图片路径": "../disease_arms/3046.png",
    "临床": {
        "发热": 0,
        "关节及骨骼痛": 0,
        "出血": 0,
        "贫血": 0,
        "器官肿大": 0,
        "中枢神经系统症状": 0,
        "腹痛": 0,
        "咳嗽": 1,
        "皮疹": 0
    },
    "生化": {
        "乳酸脱氢酶LDH": 1206.0,
        "铁蛋白Fer": 726.3194580078125
    },
    "血常规报告参数": {
        "性别(男1女2）": 1.0,
        "年龄": 0.1,
        "WBC(109/L)": 6.57,
        "RBC(1012/L)": 2.73,
        "HGB(g/L)": 86.0,
        "HCT(％）": 24.9,
        "MCV(fL)": 91.2,
        "MCH(pg)": 31.5,
        "MCHC(g/L)": 345.0,
        "PLT(109/L)": 52.0,
        "RDW-SD(fL)": 60.5,
        "RDW-CV(％）": 18.2,
        "PDW（fL)": 11.6517105,
        "MPV(fL)": 10.272814,
        "P-LCR(％）": 26.68555,
        "PCT(％）": 0.26870722,
        "NRBC﹟(109/L)": 0.01,
        "NRBC％（/100WBC)": 0.2,
        "NEUT％": 22.8,
        "LYMPH％": 52.5,
        "MONO％": 19.2,
        "EO％": 5.3,
        "BASO％": 0.2,
        "IG﹟(109/L)": 0.06,
        "IG％": 0.9
    },
    "淋巴类别": {
        "Blasts/Abn Ly": 160.0,
        "Atypical": 160.0,
        "Atypical.1": 0.0,
        "Blasts": 0.0,
        "Abn Ly": 150.0
    },
    "血常规通道参数": {
        "WNR-X": 178.0,
        "WNR-Y": 98.6,
        "WNR-Z": 96.1,
        "WPC-X": 75.1,
        "WPC-Y": 179.9,
        "WPC-Z": 86.3,
        "HFLC%": 0.6,
        "WBC": 6.66,
        "NE-SSC": 142.8,
        "NE-SFL": 45.0,
        "NE-FSC": 82.2,
        "LY-X": 85.5,
        "LY-Y": 81.5,
        "LY-Z": 62.5,
        "MO-X": 119.5,
        "MO-Y": 113.1,
        "MO-Z": 65.5,
        "NE-WX": 308.0,
        "NE-WY": 556.0,
        "NE-WZ": 608.0,
        "LY-WX": 503.0,
        "LY-WY": 1291.0,
        "LY-WZ": 592.0,
        "MO-WX": 259.0,
        "MO-WY": 822.0,
        "MO-WZ": 610.0
    },
    "镜检": 6,
    "label": 2
}