{
    "基础信息": {
        "住院号": 544085,
        "条码号": 20473782700,
        "序号": 3052
    },
    "图片路径": "../disease_arms/3052.png",
    "临床": {
        "发热": 1,
        "关节及骨骼痛": 0,
        "出血": 0,
        "贫血": 0,
        "器官肿大": 0,
        "中枢神经系统症状": 0,
        "腹痛": 0,
        "咳嗽": 1,
        "皮疹": 0
    },
    "生化": {
        "乳酸脱氢酶LDH": 317.0,
        "铁蛋白Fer": 726.3194580078125
    },
    "血常规报告参数": {
        "性别(男1女2）": 2.0,
        "年龄": 2.8,
        "WBC(109/L)": 6.75,
        "RBC(1012/L)": 4.05,
        "HGB(g/L)": 117.0,
        "HCT(％）": 33.8,
        "MCV(fL)": 83.5,
        "MCH(pg)": 28.9,
        "MCHC(g/L)": 346.0,
        "PLT(109/L)": 279.0,
        "RDW-SD(fL)": 38.8,
        "RDW-CV(％）": 12.8,
        "PDW（fL)": 9.3,
        "MPV(fL)": 9.3,
        "P-LCR(％）": 19.1,
        "PCT(％）": 0.26,
        "NRBC﹟(109/L)": 0.0,
        "NRBC％（/100WBC)": 0.0,
        "NEUT％": 32.3,
        "LYMPH％": 52.0,
        "MONO％": 9.9,
        "EO％": 5.5,
        "BASO％": 0.3,
        "IG﹟(109/L)": 0.01,
        "IG％": 0.1
    },
    "淋巴类别": {
        "Blasts/Abn Ly": 0.0,
        "Atypical": 220.0,
        "Atypical.1": 257.807,
        "Blasts": 8.447489,
        "Abn Ly": 173.05936
    },
    "血常规通道参数": {
        "WNR-X": 158.9,
        "WNR-Y": 102.3,
        "WNR-Z": 85.5,
        "WPC-X": 72.40138,
        "WPC-Y": 170.86313,
        "WPC-Z": 85.347466,
        "HFLC%": 2.5,
        "WBC": 6.75,
        "NE-SSC": 153.8,
        "NE-SFL": 48.1,
        "NE-FSC": 82.2,
        "LY-X": 74.4,
        "LY-Y": 65.9,
        "LY-Z": 59.2,
        "MO-X": 121.3,
        "MO-Y": 115.9,
        "MO-Z": 68.2,
        "NE-WX": 306.0,
        "NE-WY": 541.0,
        "NE-WZ": 657.0,
        "LY-WX": 793.0,
        "LY-WY": 1138.0,
        "LY-WZ": 558.0,
        "MO-WX": 247.0,
        "MO-WY": 682.0,
        "MO-WZ": 513.0
    },
    "镜检": 6,
    "label": 2
}