{
    "基础信息": {
        "住院号": 505416,
        "条码号": 20473055400,
        "序号": 3053
    },
    "图片路径": "../disease_arms/3053.png",
    "临床": {
        "发热": 1,
        "关节及骨骼痛": 0,
        "出血": 0,
        "贫血": 0,
        "器官肿大": 0,
        "中枢神经系统症状": 0,
        "腹痛": 0,
        "咳嗽": 1,
        "皮疹": 0
    },
    "生化": {
        "乳酸脱氢酶LDH": 226.0,
        "铁蛋白Fer": 3471.14
    },
    "血常规报告参数": {
        "性别(男1女2）": 1.0,
        "年龄": 4.1,
        "WBC(109/L)": 11.82,
        "RBC(1012/L)": 3.92,
        "HGB(g/L)": 87.0,
        "HCT(％）": 28.4,
        "MCV(fL)": 72.4,
        "MCH(pg)": 22.2,
        "MCHC(g/L)": 306.0,
        "PLT(109/L)": 205.0,
        "RDW-SD(fL)": 45.2,
        "RDW-CV(％）": 18.5,
        "PDW（fL)": 11.6517105,
        "MPV(fL)": 10.272814,
        "P-LCR(％）": 26.68555,
        "PCT(％）": 0.26870722,
        "NRBC﹟(109/L)": 0.02,
        "NRBC％（/100WBC)": 0.2,
        "NEUT％": 73.4,
        "LYMPH％": 17.9,
        "MONO％": 8.5,
        "EO％": 0.1,
        "BASO％": 0.1,
        "IG﹟(109/L)": 0.34,
        "IG％": 2.9
    },
    "淋巴类别": {
        "Blasts/Abn Ly": 30.0,
        "Atypical": 0.0,
        "Atypical.1": 70.0,
        "Blasts": 8.447489,
        "Abn Ly": 173.05936
    },
    "血常规通道参数": {
        "WNR-X": 156.9,
        "WNR-Y": 94.7,
        "WNR-Z": 81.7,
        "WPC-X": 72.40138,
        "WPC-Y": 170.86313,
        "WPC-Z": 85.347466,
        "HFLC%": 0.0,
        "WBC": 11.54,
        "NE-SSC": 151.7,
        "NE-SFL": 48.8,
        "NE-FSC": 85.8,
        "LY-X": 79.9,
        "LY-Y": 67.7,
        "LY-Z": 58.4,
        "MO-X": 123.3,
        "MO-Y": 124.5,
        "MO-Z": 69.1,
        "NE-WX": 389.0,
        "NE-WY": 697.0,
        "NE-WZ": 699.0,
        "LY-WX": 450.0,
        "LY-WY": 783.0,
        "LY-WZ": 463.0,
        "MO-WX": 243.0,
        "MO-WY": 642.0,
        "MO-WZ": 565.0
    },
    "镜检": 6,
    "label": 2
}