{
    "基础信息": {
        "住院号": 544536,
        "条码号": 20476526700,
        "序号": 3055
    },
    "图片路径": "../disease_arms/3055.png",
    "临床": {
        "发热": 1,
        "关节及骨骼痛": 0,
        "出血": 0,
        "贫血": 0,
        "器官肿大": 0,
        "中枢神经系统症状": 0,
        "腹痛": 0,
        "咳嗽": 0,
        "皮疹": 1
    },
    "生化": {
        "乳酸脱氢酶LDH": 818.0,
        "铁蛋白Fer": 2123.56
    },
    "血常规报告参数": {
        "性别(男1女2）": 1.0,
        "年龄": 9.7,
        "WBC(109/L)": 7.28,
        "RBC(1012/L)": 4.3,
        "HGB(g/L)": 115.0,
        "HCT(％）": 33.4,
        "MCV(fL)": 77.7,
        "MCH(pg)": 26.7,
        "MCHC(g/L)": 344.0,
        "PLT(109/L)": 97.0,
        "RDW-SD(fL)": 36.2,
        "RDW-CV(％）": 12.8,
        "PDW（fL)": 11.6517105,
        "MPV(fL)": 10.272814,
        "P-LCR(％）": 26.68555,
        "PCT(％）": 0.26870722,
        "NRBC﹟(109/L)": 0.01,
        "NRBC％（/100WBC)": 0.1,
        "NEUT％": 39.4,
        "LYMPH％": 57.6,
        "MONO％": 2.5,
        "EO％": 0.0,
        "BASO％": 0.5,
        "IG﹟(109/L)": 0.03,
        "IG％": 0.4
    },
    "淋巴类别": {
        "Blasts/Abn Ly": 300.0,
        "Atypical": 300.0,
        "Atypical.1": 257.807,
        "Blasts": 8.447489,
        "Abn Ly": 173.05936
    },
    "血常规通道参数": {
        "WNR-X": 160.6,
        "WNR-Y": 101.6,
        "WNR-Z": 90.6,
        "WPC-X": 72.40138,
        "WPC-Y": 170.86313,
        "WPC-Z": 85.347466,
        "HFLC%": 5.2,
        "WBC": 7.28,
        "NE-SSC": 144.6,
        "NE-SFL": 51.5,
        "NE-FSC": 77.7,
        "LY-X": 89.2,
        "LY-Y": 82.3,
        "LY-Z": 61.1,
        "MO-X": 123.7,
        "MO-Y": 108.7,
        "MO-Z": 56.5,
        "NE-WX": 332.0,
        "NE-WY": 602.0,
        "NE-WZ": 644.0,
        "LY-WX": 807.0,
        "LY-WY": 1677.0,
        "LY-WZ": 687.0,
        "MO-WX": 323.0,
        "MO-WY": 727.0,
        "MO-WZ": 778.0
    },
    "镜检": 19,
    "label": 2
}