{
    "基础信息": {
        "住院号": 544791,
        "条码号": 20477963700,
        "序号": 3059
    },
    "图片路径": "../disease_arms/3059.png",
    "临床": {
        "发热": 1,
        "关节及骨骼痛": 0,
        "出血": 0,
        "贫血": 0,
        "器官肿大": 0,
        "中枢神经系统症状": 0,
        "腹痛": 0,
        "咳嗽": 0,
        "皮疹": 1
    },
    "生化": {
        "乳酸脱氢酶LDH": 373.0,
        "铁蛋白Fer": 726.3194580078125
    },
    "血常规报告参数": {
        "性别(男1女2）": 1.0,
        "年龄": 2.9,
        "WBC(109/L)": 6.03,
        "RBC(1012/L)": 4.62,
        "HGB(g/L)": 126.0,
        "HCT(％）": 38.1,
        "MCV(fL)": 82.5,
        "MCH(pg)": 27.3,
        "MCHC(g/L)": 331.0,
        "PLT(109/L)": 177.0,
        "RDW-SD(fL)": 35.5,
        "RDW-CV(％）": 11.9,
        "PDW（fL)": 8.3,
        "MPV(fL)": 8.8,
        "P-LCR(％）": 15.0,
        "PCT(％）": 0.16,
        "NRBC﹟(109/L)": 0.0,
        "NRBC％（/100WBC)": 0.0,
        "NEUT％": 44.5,
        "LYMPH％": 49.5,
        "MONO％": 5.5,
        "EO％": 0.0,
        "BASO％": 0.2,
        "IG﹟(109/L)": 0.02,
        "IG％": 0.3
    },
    "淋巴类别": {
        "Blasts/Abn Ly": 0.0,
        "Atypical": 120.0,
        "Atypical.1": 257.807,
        "Blasts": 8.447489,
        "Abn Ly": 173.05936
    },
    "血常规通道参数": {
        "WNR-X": 159.5,
        "WNR-Y": 99.6,
        "WNR-Z": 85.7,
        "WPC-X": 72.40138,
        "WPC-Y": 170.86313,
        "WPC-Z": 85.347466,
        "HFLC%": 2.5,
        "WBC": 6.03,
        "NE-SSC": 157.0,
        "NE-SFL": 60.5,
        "NE-FSC": 92.8,
        "LY-X": 75.9,
        "LY-Y": 65.7,
        "LY-Z": 57.7,
        "MO-X": 123.7,
        "MO-Y": 118.0,
        "MO-Z": 68.9,
        "NE-WX": 280.0,
        "NE-WY": 562.0,
        "NE-WZ": 614.0,
        "LY-WX": 830.0,
        "LY-WY": 929.0,
        "LY-WZ": 728.0,
        "MO-WX": 251.0,
        "MO-WY": 627.0,
        "MO-WZ": 610.0
    },
    "镜检": 6,
    "label": 2
}