{
    "基础信息": {
        "住院号": 545093,
        "条码号": 20479782500,
        "序号": 3066
    },
    "图片路径": "../disease_arms/3066.png",
    "临床": {
        "发热": 1,
        "关节及骨骼痛": 0,
        "出血": 0,
        "贫血": 0,
        "器官肿大": 0,
        "中枢神经系统症状": 0,
        "腹痛": 0,
        "咳嗽": 1,
        "皮疹": 0
    },
    "生化": {
        "乳酸脱氢酶LDH": 350.0,
        "铁蛋白Fer": 726.3194580078125
    },
    "血常规报告参数": {
        "性别(男1女2）": 1.0,
        "年龄": 0.3,
        "WBC(109/L)": 9.13,
        "RBC(1012/L)": 3.96,
        "HGB(g/L)": 99.0,
        "HCT(％）": 31.8,
        "MCV(fL)": 80.3,
        "MCH(pg)": 25.0,
        "MCHC(g/L)": 311.0,
        "PLT(109/L)": 436.0,
        "RDW-SD(fL)": 37.0,
        "RDW-CV(％）": 12.7,
        "PDW（fL)": 11.0,
        "MPV(fL)": 10.3,
        "P-LCR(％）": 26.1,
        "PCT(％）": 0.45,
        "NRBC﹟(109/L)": 0.01,
        "NRBC％（/100WBC)": 0.1,
        "NEUT％": 14.4,
        "LYMPH％": 75.6,
        "MONO％": 8.2,
        "EO％": 1.5,
        "BASO％": 0.3,
        "IG﹟(109/L)": 0.01,
        "IG％": 0.1
    },
    "淋巴类别": {
        "Blasts/Abn Ly": 130.0,
        "Atypical": 90.0,
        "Atypical.1": 257.807,
        "Blasts": 8.447489,
        "Abn Ly": 173.05936
    },
    "血常规通道参数": {
        "WNR-X": 166.2,
        "WNR-Y": 101.9,
        "WNR-Z": 85.9,
        "WPC-X": 72.40138,
        "WPC-Y": 170.86313,
        "WPC-Z": 85.347466,
        "HFLC%": 1.0,
        "WBC": 9.13,
        "NE-SSC": 152.7,
        "NE-SFL": 47.7,
        "NE-FSC": 83.2,
        "LY-X": 77.4,
        "LY-Y": 65.1,
        "LY-Z": 59.1,
        "MO-X": 118.3,
        "MO-Y": 102.2,
        "MO-Z": 64.9,
        "NE-WX": 288.0,
        "NE-WY": 650.0,
        "NE-WZ": 733.0,
        "LY-WX": 646.0,
        "LY-WY": 1091.0,
        "LY-WZ": 626.0,
        "MO-WX": 262.0,
        "MO-WY": 656.0,
        "MO-WZ": 725.0
    },
    "镜检": 7,
    "label": 2
}