{
    "基础信息": {
        "住院号": 545131,
        "条码号": 20479950500,
        "序号": 3067
    },
    "图片路径": "../disease_arms/3067.png",
    "临床": {
        "发热": 1,
        "关节及骨骼痛": 0,
        "出血": 0,
        "贫血": 0,
        "器官肿大": 0,
        "中枢神经系统症状": 0,
        "腹痛": 0,
        "咳嗽": 1,
        "皮疹": 0
    },
    "生化": {
        "乳酸脱氢酶LDH": 367.0,
        "铁蛋白Fer": 726.3194580078125
    },
    "血常规报告参数": {
        "性别(男1女2）": 2.0,
        "年龄": 2.2,
        "WBC(109/L)": 5.31,
        "RBC(1012/L)": 4.37,
        "HGB(g/L)": 123.0,
        "HCT(％）": 38.0,
        "MCV(fL)": 87.0,
        "MCH(pg)": 28.1,
        "MCHC(g/L)": 324.0,
        "PLT(109/L)": 178.0,
        "RDW-SD(fL)": 38.7,
        "RDW-CV(％）": 12.1,
        "PDW（fL)": 10.3,
        "MPV(fL)": 10.4,
        "P-LCR(％）": 26.0,
        "PCT(％）": 0.19,
        "NRBC﹟(109/L)": 0.0,
        "NRBC％（/100WBC)": 0.0,
        "NEUT％": 22.4,
        "LYMPH％": 72.7,
        "MONO％": 4.3,
        "EO％": 0.4,
        "BASO％": 0.2,
        "IG﹟(109/L)": 0.02,
        "IG％": 0.4
    },
    "淋巴类别": {
        "Blasts/Abn Ly": 300.0,
        "Atypical": 190.0,
        "Atypical.1": 257.807,
        "Blasts": 8.447489,
        "Abn Ly": 173.05936
    },
    "血常规通道参数": {
        "WNR-X": 164.3,
        "WNR-Y": 103.4,
        "WNR-Z": 82.9,
        "WPC-X": 72.40138,
        "WPC-Y": 170.86313,
        "WPC-Z": 85.347466,
        "HFLC%": 3.2,
        "WBC": 5.31,
        "NE-SSC": 151.3,
        "NE-SFL": 44.6,
        "NE-FSC": 81.8,
        "LY-X": 73.6,
        "LY-Y": 62.1,
        "LY-Z": 58.1,
        "MO-X": 121.6,
        "MO-Y": 101.2,
        "MO-Z": 62.4,
        "NE-WX": 350.0,
        "NE-WY": 606.0,
        "NE-WZ": 758.0,
        "LY-WX": 1019.0,
        "LY-WY": 999.0,
        "LY-WZ": 637.0,
        "MO-WX": 238.0,
        "MO-WY": 583.0,
        "MO-WZ": 753.0
    },
    "镜检": 7,
    "label": 2
}