{
    "基础信息": {
        "住院号": 545069,
        "条码号": 20479587400,
        "序号": 3068
    },
    "图片路径": "../disease_arms/3068.png",
    "临床": {
        "发热": 1,
        "关节及骨骼痛": 0,
        "出血": 0,
        "贫血": 0,
        "器官肿大": 0,
        "中枢神经系统症状": 0,
        "腹痛": 0,
        "咳嗽": 0,
        "皮疹": 0
    },
    "生化": {
        "乳酸脱氢酶LDH": 617.0,
        "铁蛋白Fer": 726.3194580078125
    },
    "血常规报告参数": {
        "性别(男1女2）": 2.0,
        "年龄": 1.1,
        "WBC(109/L)": 13.92,
        "RBC(1012/L)": 4.7,
        "HGB(g/L)": 128.0,
        "HCT(％）": 39.5,
        "MCV(fL)": 84.0,
        "MCH(pg)": 27.2,
        "MCHC(g/L)": 324.0,
        "PLT(109/L)": 357.0,
        "RDW-SD(fL)": 36.2,
        "RDW-CV(％）": 11.9,
        "PDW（fL)": 10.6,
        "MPV(fL)": 9.9,
        "P-LCR(％）": 23.2,
        "PCT(％）": 0.35,
        "NRBC﹟(109/L)": 0.0,
        "NRBC％（/100WBC)": 0.0,
        "NEUT％": 58.2,
        "LYMPH％": 36.9,
        "MONO％": 4.7,
        "EO％": 0.0,
        "BASO％": 0.2,
        "IG﹟(109/L)": 0.05,
        "IG％": 0.4
    },
    "淋巴类别": {
        "Blasts/Abn Ly": 0.0,
        "Atypical": 280.0,
        "Atypical.1": 257.807,
        "Blasts": 8.447489,
        "Abn Ly": 173.05936
    },
    "血常规通道参数": {
        "WNR-X": 152.0,
        "WNR-Y": 92.7,
        "WNR-Z": 80.7,
        "WPC-X": 72.40138,
        "WPC-Y": 170.86313,
        "WPC-Z": 85.347466,
        "HFLC%": 2.8,
        "WBC": 13.92,
        "NE-SSC": 140.9,
        "NE-SFL": 43.8,
        "NE-FSC": 77.5,
        "LY-X": 74.0,
        "LY-Y": 61.3,
        "LY-Z": 56.5,
        "MO-X": 114.9,
        "MO-Y": 101.3,
        "MO-Z": 61.9,
        "NE-WX": 355.0,
        "NE-WY": 593.0,
        "NE-WZ": 684.0,
        "LY-WX": 1094.0,
        "LY-WY": 1239.0,
        "LY-WZ": 797.0,
        "MO-WX": 270.0,
        "MO-WY": 799.0,
        "MO-WZ": 711.0
    },
    "镜检": 9,
    "label": 2
}