{
    "基础信息": {
        "住院号": 545321,
        "条码号": 20480916200,
        "序号": 3072
    },
    "图片路径": "../disease_arms/3072.png",
    "临床": {
        "发热": 1,
        "关节及骨骼痛": 0,
        "出血": 0,
        "贫血": 0,
        "器官肿大": 0,
        "中枢神经系统症状": 0,
        "腹痛": 0,
        "咳嗽": 1,
        "皮疹": 0
    },
    "生化": {
        "乳酸脱氢酶LDH": 491.0,
        "铁蛋白Fer": 726.3194580078125
    },
    "血常规报告参数": {
        "性别(男1女2）": 2.0,
        "年龄": 1.6,
        "WBC(109/L)": 6.92,
        "RBC(1012/L)": 3.93,
        "HGB(g/L)": 111.0,
        "HCT(％）": 32.6,
        "MCV(fL)": 83.0,
        "MCH(pg)": 28.2,
        "MCHC(g/L)": 340.0,
        "PLT(109/L)": 191.0,
        "RDW-SD(fL)": 37.7,
        "RDW-CV(％）": 12.3,
        "PDW（fL)": 11.3,
        "MPV(fL)": 10.1,
        "P-LCR(％）": 25.1,
        "PCT(％）": 0.19,
        "NRBC﹟(109/L)": 0.01,
        "NRBC％（/100WBC)": 0.1,
        "NEUT％": 42.6,
        "LYMPH％": 50.6,
        "MONO％": 6.1,
        "EO％": 0.4,
        "BASO％": 0.3,
        "IG﹟(109/L)": 0.03,
        "IG％": 0.4
    },
    "淋巴类别": {
        "Blasts/Abn Ly": 0.0,
        "Atypical": 300.0,
        "Atypical.1": 257.807,
        "Blasts": 8.447489,
        "Abn Ly": 173.05936
    },
    "血常规通道参数": {
        "WNR-X": 156.8,
        "WNR-Y": 100.3,
        "WNR-Z": 86.3,
        "WPC-X": 72.40138,
        "WPC-Y": 170.86313,
        "WPC-Z": 85.347466,
        "HFLC%": 3.9,
        "WBC": 6.92,
        "NE-SSC": 150.3,
        "NE-SFL": 55.0,
        "NE-FSC": 82.5,
        "LY-X": 77.6,
        "LY-Y": 69.2,
        "LY-Z": 59.3,
        "MO-X": 121.5,
        "MO-Y": 121.2,
        "MO-Z": 69.0,
        "NE-WX": 306.0,
        "NE-WY": 527.0,
        "NE-WZ": 594.0,
        "LY-WX": 953.0,
        "LY-WY": 1242.0,
        "LY-WZ": 574.0,
        "MO-WX": 247.0,
        "MO-WY": 668.0,
        "MO-WZ": 478.0
    },
    "镜检": 6,
    "label": 2
}