{
    "基础信息": {
        "住院号": 545443,
        "条码号": 20481642500,
        "序号": 3075
    },
    "图片路径": "../disease_arms/3075.png",
    "临床": {
        "发热": 0,
        "关节及骨骼痛": 0,
        "出血": 0,
        "贫血": 0,
        "器官肿大": 0,
        "中枢神经系统症状": 0,
        "腹痛": 0,
        "咳嗽": 1,
        "皮疹": 0
    },
    "生化": {
        "乳酸脱氢酶LDH": 378.0,
        "铁蛋白Fer": 726.3194580078125
    },
    "血常规报告参数": {
        "性别(男1女2）": 1.0,
        "年龄": 0.8,
        "WBC(109/L)": 12.5,
        "RBC(1012/L)": 5.25,
        "HGB(g/L)": 138.0,
        "HCT(％）": 40.2,
        "MCV(fL)": 76.6,
        "MCH(pg)": 26.3,
        "MCHC(g/L)": 343.0,
        "PLT(109/L)": 506.0,
        "RDW-SD(fL)": 33.5,
        "RDW-CV(％）": 12.2,
        "PDW（fL)": 10.8,
        "MPV(fL)": 9.6,
        "P-LCR(％）": 21.6,
        "PCT(％）": 0.48,
        "NRBC﹟(109/L)": 0.0,
        "NRBC％（/100WBC)": 0.0,
        "NEUT％": 20.3,
        "LYMPH％": 73.2,
        "MONO％": 5.4,
        "EO％": 0.8,
        "BASO％": 0.3,
        "IG﹟(109/L)": 0.01,
        "IG％": 0.1
    },
    "淋巴类别": {
        "Blasts/Abn Ly": 100.0,
        "Atypical": 90.0,
        "Atypical.1": 257.807,
        "Blasts": 8.447489,
        "Abn Ly": 173.05936
    },
    "血常规通道参数": {
        "WNR-X": 156.6,
        "WNR-Y": 101.5,
        "WNR-Z": 81.6,
        "WPC-X": 72.40138,
        "WPC-Y": 170.86313,
        "WPC-Z": 85.347466,
        "HFLC%": 1.3,
        "WBC": 12.5,
        "NE-SSC": 150.4,
        "NE-SFL": 41.7,
        "NE-FSC": 83.4,
        "LY-X": 74.7,
        "LY-Y": 59.6,
        "LY-Z": 57.1,
        "MO-X": 117.5,
        "MO-Y": 101.0,
        "MO-Z": 65.4,
        "NE-WX": 332.0,
        "NE-WY": 600.0,
        "NE-WZ": 671.0,
        "LY-WX": 616.0,
        "LY-WY": 973.0,
        "LY-WZ": 631.0,
        "MO-WX": 264.0,
        "MO-WY": 643.0,
        "MO-WZ": 734.0
    },
    "镜检": 7,
    "label": 2
}