{
    "基础信息": {
        "住院号": 398775,
        "条码号": 20484021900,
        "序号": 3078
    },
    "图片路径": "../disease_arms/3078.png",
    "临床": {
        "发热": 1,
        "关节及骨骼痛": 0,
        "出血": 0,
        "贫血": 0,
        "器官肿大": 0,
        "中枢神经系统症状": 0,
        "腹痛": 0,
        "咳嗽": 1,
        "皮疹": 0
    },
    "生化": {
        "乳酸脱氢酶LDH": 382.0,
        "铁蛋白Fer": 726.3194580078125
    },
    "血常规报告参数": {
        "性别(男1女2）": 1.0,
        "年龄": 3.7,
        "WBC(109/L)": 2.57,
        "RBC(1012/L)": 4.57,
        "HGB(g/L)": 93.0,
        "HCT(％）": 29.3,
        "MCV(fL)": 64.1,
        "MCH(pg)": 20.4,
        "MCHC(g/L)": 317.0,
        "PLT(109/L)": 109.0,
        "RDW-SD(fL)": 43.7,
        "RDW-CV(％）": 20.0,
        "PDW（fL)": 11.6517105,
        "MPV(fL)": 10.272814,
        "P-LCR(％）": 26.68555,
        "PCT(％）": 0.26870722,
        "NRBC﹟(109/L)": 0.0,
        "NRBC％（/100WBC)": 0.0,
        "NEUT％": 35.4,
        "LYMPH％": 40.1,
        "MONO％": 22.6,
        "EO％": 1.9,
        "BASO％": 0.0,
        "IG﹟(109/L)": 0.01,
        "IG％": 0.4
    },
    "淋巴类别": {
        "Blasts/Abn Ly": 0.0,
        "Atypical": 300.0,
        "Atypical.1": 257.807,
        "Blasts": 8.447489,
        "Abn Ly": 173.05936
    },
    "血常规通道参数": {
        "WNR-X": 168.1,
        "WNR-Y": 98.4,
        "WNR-Z": 92.4,
        "WPC-X": 72.40138,
        "WPC-Y": 170.86313,
        "WPC-Z": 85.347466,
        "HFLC%": 5.8,
        "WBC": 2.57,
        "NE-SSC": 162.8,
        "NE-SFL": 52.7,
        "NE-FSC": 91.3,
        "LY-X": 83.0,
        "LY-Y": 77.9,
        "LY-Z": 61.7,
        "MO-X": 122.4,
        "MO-Y": 116.2,
        "MO-Z": 69.2,
        "NE-WX": 289.0,
        "NE-WY": 550.0,
        "NE-WZ": 569.0,
        "LY-WX": 868.0,
        "LY-WY": 938.0,
        "LY-WZ": 876.0,
        "MO-WX": 237.0,
        "MO-WY": 568.0,
        "MO-WZ": 578.0
    },
    "镜检": 6,
    "label": 2
}