{
    "基础信息": {
        "住院号": 545618,
        "条码号": 20485129500,
        "序号": 3080
    },
    "图片路径": "../disease_arms/3080.png",
    "临床": {
        "发热": 1,
        "关节及骨骼痛": 0,
        "出血": 0,
        "贫血": 0,
        "器官肿大": 0,
        "中枢神经系统症状": 0,
        "腹痛": 0,
        "咳嗽": 0,
        "皮疹": 0
    },
    "生化": {
        "乳酸脱氢酶LDH": 322.0,
        "铁蛋白Fer": 726.3194580078125
    },
    "血常规报告参数": {
        "性别(男1女2）": 1.0,
        "年龄": 2.1,
        "WBC(109/L)": 6.71,
        "RBC(1012/L)": 4.67,
        "HGB(g/L)": 121.0,
        "HCT(％）": 36.3,
        "MCV(fL)": 77.7,
        "MCH(pg)": 25.9,
        "MCHC(g/L)": 333.0,
        "PLT(109/L)": 216.0,
        "RDW-SD(fL)": 38.9,
        "RDW-CV(％）": 13.8,
        "PDW（fL)": 11.7,
        "MPV(fL)": 10.3,
        "P-LCR(％）": 27.9,
        "PCT(％）": 0.22,
        "NRBC﹟(109/L)": 0.0,
        "NRBC％（/100WBC)": 0.0,
        "NEUT％": 42.5,
        "LYMPH％": 46.1,
        "MONO％": 10.7,
        "EO％": 0.3,
        "BASO％": 0.4,
        "IG﹟(109/L)": 0.05,
        "IG％": 0.7
    },
    "淋巴类别": {
        "Blasts/Abn Ly": 0.0,
        "Atypical": 300.0,
        "Atypical.1": 257.807,
        "Blasts": 8.447489,
        "Abn Ly": 173.05936
    },
    "血常规通道参数": {
        "WNR-X": 161.6,
        "WNR-Y": 100.7,
        "WNR-Z": 90.7,
        "WPC-X": 72.40138,
        "WPC-Y": 170.86313,
        "WPC-Z": 85.347466,
        "HFLC%": 6.9,
        "WBC": 6.71,
        "NE-SSC": 140.5,
        "NE-SFL": 49.6,
        "NE-FSC": 75.8,
        "LY-X": 75.5,
        "LY-Y": 63.7,
        "LY-Z": 58.4,
        "MO-X": 121.9,
        "MO-Y": 110.6,
        "MO-Z": 61.2,
        "NE-WX": 335.0,
        "NE-WY": 666.0,
        "NE-WZ": 673.0,
        "LY-WX": 1139.0,
        "LY-WY": 2464.0,
        "LY-WZ": 890.0,
        "MO-WX": 271.0,
        "MO-WY": 741.0,
        "MO-WZ": 638.0
    },
    "镜检": 10,
    "label": 2
}