{
    "基础信息": {
        "住院号": 482931,
        "条码号": 20489528900,
        "序号": 3091
    },
    "图片路径": "../disease_arms/3091.png",
    "临床": {
        "发热": 1,
        "关节及骨骼痛": 0,
        "出血": 0,
        "贫血": 0,
        "器官肿大": 0,
        "中枢神经系统症状": 0,
        "腹痛": 0,
        "咳嗽": 1,
        "皮疹": 0
    },
    "生化": {
        "乳酸脱氢酶LDH": 364.0,
        "铁蛋白Fer": 726.3194580078125
    },
    "血常规报告参数": {
        "性别(男1女2）": 1.0,
        "年龄": 5.7,
        "WBC(109/L)": 9.9,
        "RBC(1012/L)": 4.76,
        "HGB(g/L)": 108.0,
        "HCT(％）": 34.0,
        "MCV(fL)": 71.4,
        "MCH(pg)": 22.7,
        "MCHC(g/L)": 318.0,
        "PLT(109/L)": 195.0,
        "RDW-SD(fL)": 50.1,
        "RDW-CV(％）": 19.4,
        "PDW（fL)": 14.5,
        "MPV(fL)": 11.0,
        "P-LCR(％）": 34.2,
        "PCT(％）": 0.21,
        "NRBC﹟(109/L)": 0.0,
        "NRBC％（/100WBC)": 0.0,
        "NEUT％": 41.4,
        "LYMPH％": 52.7,
        "MONO％": 5.3,
        "EO％": 0.3,
        "BASO％": 0.3,
        "IG﹟(109/L)": 0.02,
        "IG％": 0.2
    },
    "淋巴类别": {
        "Blasts/Abn Ly": 0.0,
        "Atypical": 300.0,
        "Atypical.1": 300.0,
        "Blasts": 8.447489,
        "Abn Ly": 173.05936
    },
    "血常规通道参数": {
        "WNR-X": 158.0,
        "WNR-Y": 101.1,
        "WNR-Z": 86.9,
        "WPC-X": 72.40138,
        "WPC-Y": 170.86313,
        "WPC-Z": 85.347466,
        "HFLC%": 4.4,
        "WBC": 9.73,
        "NE-SSC": 150.8,
        "NE-SFL": 51.6,
        "NE-FSC": 83.4,
        "LY-X": 78.1,
        "LY-Y": 63.5,
        "LY-Z": 60.3,
        "MO-X": 120.7,
        "MO-Y": 117.3,
        "MO-Z": 66.4,
        "NE-WX": 298.0,
        "NE-WY": 601.0,
        "NE-WZ": 624.0,
        "LY-WX": 973.0,
        "LY-WY": 1434.0,
        "LY-WZ": 630.0,
        "MO-WX": 199.0,
        "MO-WY": 639.0,
        "MO-WZ": 512.0
    },
    "镜检": 8,
    "label": 2
}