{
    "基础信息": {
        "住院号": 524958,
        "条码号": 20490935300,
        "序号": 3094
    },
    "图片路径": "../disease_arms/3094.png",
    "临床": {
        "发热": 1,
        "关节及骨骼痛": 0,
        "出血": 0,
        "贫血": 0,
        "器官肿大": 0,
        "中枢神经系统症状": 0,
        "腹痛": 0,
        "咳嗽": 1,
        "皮疹": 0
    },
    "生化": {
        "乳酸脱氢酶LDH": 397.0,
        "铁蛋白Fer": 726.3194580078125
    },
    "血常规报告参数": {
        "性别(男1女2）": 2.0,
        "年龄": 2.1,
        "WBC(109/L)": 10.18,
        "RBC(1012/L)": 4.21,
        "HGB(g/L)": 116.0,
        "HCT(％）": 35.3,
        "MCV(fL)": 83.8,
        "MCH(pg)": 27.6,
        "MCHC(g/L)": 329.0,
        "PLT(109/L)": 456.0,
        "RDW-SD(fL)": 38.3,
        "RDW-CV(％）": 12.5,
        "PDW（fL)": 9.8,
        "MPV(fL)": 9.3,
        "P-LCR(％）": 18.6,
        "PCT(％）": 0.43,
        "NRBC﹟(109/L)": 0.0,
        "NRBC％（/100WBC)": 0.0,
        "NEUT％": 46.4,
        "LYMPH％": 47.2,
        "MONO％": 5.1,
        "EO％": 1.0,
        "BASO％": 0.3,
        "IG﹟(109/L)": 0.06,
        "IG％": 0.6
    },
    "淋巴类别": {
        "Blasts/Abn Ly": 0.0,
        "Atypical": 300.0,
        "Atypical.1": 257.807,
        "Blasts": 8.447489,
        "Abn Ly": 173.05936
    },
    "血常规通道参数": {
        "WNR-X": 157.9,
        "WNR-Y": 100.3,
        "WNR-Z": 85.8,
        "WPC-X": 72.40138,
        "WPC-Y": 170.86313,
        "WPC-Z": 85.347466,
        "HFLC%": 4.1,
        "WBC": 10.18,
        "NE-SSC": 147.3,
        "NE-SFL": 50.3,
        "NE-FSC": 82.0,
        "LY-X": 76.4,
        "LY-Y": 65.5,
        "LY-Z": 59.3,
        "MO-X": 123.3,
        "MO-Y": 110.7,
        "MO-Z": 60.9,
        "NE-WX": 306.0,
        "NE-WY": 517.0,
        "NE-WZ": 610.0,
        "LY-WX": 1099.0,
        "LY-WY": 1724.0,
        "LY-WZ": 674.0,
        "MO-WX": 227.0,
        "MO-WY": 740.0,
        "MO-WZ": 607.0
    },
    "镜检": 7,
    "label": 2
}