{
    "基础信息": {
        "住院号": 537968,
        "条码号": 20492397000,
        "序号": 3096
    },
    "图片路径": "../disease_arms/3096.png",
    "临床": {
        "发热": 0,
        "关节及骨骼痛": 0,
        "出血": 1,
        "贫血": 0,
        "器官肿大": 0,
        "中枢神经系统症状": 0,
        "腹痛": 0,
        "咳嗽": 0,
        "皮疹": 0
    },
    "生化": {
        "乳酸脱氢酶LDH": 452.0,
        "铁蛋白Fer": 726.3194580078125
    },
    "血常规报告参数": {
        "性别(男1女2）": 2.0,
        "年龄": 1.7,
        "WBC(109/L)": 7.18,
        "RBC(1012/L)": 4.49,
        "HGB(g/L)": 119.0,
        "HCT(％）": 35.5,
        "MCV(fL)": 79.1,
        "MCH(pg)": 26.5,
        "MCHC(g/L)": 335.0,
        "PLT(109/L)": 4.0,
        "RDW-SD(fL)": 35.8,
        "RDW-CV(％）": 12.7,
        "PDW（fL)": 11.6517105,
        "MPV(fL)": 10.272814,
        "P-LCR(％）": 26.68555,
        "PCT(％）": 0.26870722,
        "NRBC﹟(109/L)": 0.01,
        "NRBC％（/100WBC)": 0.1,
        "NEUT％": 33.4,
        "LYMPH％": 57.1,
        "MONO％": 6.0,
        "EO％": 2.9,
        "BASO％": 0.6,
        "IG﹟(109/L)": 0.02,
        "IG％": 0.3
    },
    "淋巴类别": {
        "Blasts/Abn Ly": 100.0,
        "Atypical": 40.0,
        "Atypical.1": 257.807,
        "Blasts": 8.447489,
        "Abn Ly": 173.05936
    },
    "血常规通道参数": {
        "WNR-X": 156.4,
        "WNR-Y": 102.4,
        "WNR-Z": 83.7,
        "WPC-X": 72.40138,
        "WPC-Y": 170.86313,
        "WPC-Z": 85.347466,
        "HFLC%": 0.7,
        "WBC": 7.06,
        "NE-SSC": 149.2,
        "NE-SFL": 46.0,
        "NE-FSC": 86.0,
        "LY-X": 76.9,
        "LY-Y": 66.4,
        "LY-Z": 59.8,
        "MO-X": 119.2,
        "MO-Y": 119.7,
        "MO-Z": 66.9,
        "NE-WX": 295.0,
        "NE-WY": 587.0,
        "NE-WZ": 604.0,
        "LY-WX": 585.0,
        "LY-WY": 965.0,
        "LY-WZ": 519.0,
        "MO-WX": 243.0,
        "MO-WY": 626.0,
        "MO-WZ": 538.0
    },
    "镜检": 6,
    "label": 2
}