{
    "基础信息": {
        "住院号": 547389,
        "条码号": 20492622900,
        "序号": 3100
    },
    "图片路径": "../disease_arms/3100.png",
    "临床": {
        "发热": 1,
        "关节及骨骼痛": 0,
        "出血": 0,
        "贫血": 0,
        "器官肿大": 0,
        "中枢神经系统症状": 0,
        "腹痛": 0,
        "咳嗽": 1,
        "皮疹": 1
    },
    "生化": {
        "乳酸脱氢酶LDH": 436.0,
        "铁蛋白Fer": 726.3194580078125
    },
    "血常规报告参数": {
        "性别(男1女2）": 2.0,
        "年龄": 2.5,
        "WBC(109/L)": 2.06,
        "RBC(1012/L)": 3.77,
        "HGB(g/L)": 104.0,
        "HCT(％）": 31.0,
        "MCV(fL)": 82.2,
        "MCH(pg)": 27.6,
        "MCHC(g/L)": 335.0,
        "PLT(109/L)": 240.0,
        "RDW-SD(fL)": 38.6,
        "RDW-CV(％）": 12.9,
        "PDW（fL)": 11.7,
        "MPV(fL)": 10.6,
        "P-LCR(％）": 29.5,
        "PCT(％）": 0.25,
        "NRBC﹟(109/L)": 0.0,
        "NRBC％（/100WBC)": 0.0,
        "NEUT％": 31.0,
        "LYMPH％": 61.2,
        "MONO％": 7.3,
        "EO％": 0.0,
        "BASO％": 0.5,
        "IG﹟(109/L)": 0.01,
        "IG％": 0.5
    },
    "淋巴类别": {
        "Blasts/Abn Ly": 0.0,
        "Atypical": 300.0,
        "Atypical.1": 100.0,
        "Blasts": 8.447489,
        "Abn Ly": 173.05936
    },
    "血常规通道参数": {
        "WNR-X": 165.4,
        "WNR-Y": 99.8,
        "WNR-Z": 86.9,
        "WPC-X": 72.40138,
        "WPC-Y": 170.86313,
        "WPC-Z": 85.347466,
        "HFLC%": 4.3,
        "WBC": 2.07,
        "NE-SSC": 147.8,
        "NE-SFL": 45.3,
        "NE-FSC": 78.9,
        "LY-X": 76.4,
        "LY-Y": 58.7,
        "LY-Z": 57.2,
        "MO-X": 120.5,
        "MO-Y": 101.1,
        "MO-Z": 61.4,
        "NE-WX": 311.0,
        "NE-WY": 640.0,
        "NE-WZ": 748.0,
        "LY-WX": 982.0,
        "LY-WY": 1449.0,
        "LY-WZ": 752.0,
        "MO-WX": 307.0,
        "MO-WY": 821.0,
        "MO-WZ": 717.0
    },
    "镜检": 9,
    "label": 2
}