{
    "基础信息": {
        "住院号": 547458,
        "条码号": 20492987000,
        "序号": 3101
    },
    "图片路径": "../disease_arms/3101.png",
    "临床": {
        "发热": 1,
        "关节及骨骼痛": 0,
        "出血": 0,
        "贫血": 0,
        "器官肿大": 0,
        "中枢神经系统症状": 0,
        "腹痛": 0,
        "咳嗽": 1,
        "皮疹": 0
    },
    "生化": {
        "乳酸脱氢酶LDH": 458.0,
        "铁蛋白Fer": 726.3194580078125
    },
    "血常规报告参数": {
        "性别(男1女2）": 2.0,
        "年龄": 1.8,
        "WBC(109/L)": 5.03,
        "RBC(1012/L)": 5.04,
        "HGB(g/L)": 100.0,
        "HCT(％）": 32.6,
        "MCV(fL)": 64.7,
        "MCH(pg)": 19.8,
        "MCHC(g/L)": 307.0,
        "PLT(109/L)": 316.0,
        "RDW-SD(fL)": 37.2,
        "RDW-CV(％）": 16.4,
        "PDW（fL)": 12.6,
        "MPV(fL)": 10.8,
        "P-LCR(％）": 31.9,
        "PCT(％）": 3.4,
        "NRBC﹟(109/L)": 0.0,
        "NRBC％（/100WBC)": 0.0,
        "NEUT％": 40.1,
        "LYMPH％": 53.5,
        "MONO％": 6.2,
        "EO％": 0.0,
        "BASO％": 0.2,
        "IG﹟(109/L)": 0.01,
        "IG％": 0.2
    },
    "淋巴类别": {
        "Blasts/Abn Ly": 0.0,
        "Atypical": 300.0,
        "Atypical.1": 300.0,
        "Blasts": 8.447489,
        "Abn Ly": 173.05936
    },
    "血常规通道参数": {
        "WNR-X": 160.9,
        "WNR-Y": 100.1,
        "WNR-Z": 88.0,
        "WPC-X": 72.40138,
        "WPC-Y": 170.86313,
        "WPC-Z": 85.347466,
        "HFLC%": 4.4,
        "WBC": 5.02,
        "NE-SSC": 151.6,
        "NE-SFL": 57.6,
        "NE-FSC": 88.2,
        "LY-X": 76.3,
        "LY-Y": 66.7,
        "LY-Z": 8.65,
        "MO-X": 122.1,
        "MO-Y": 122.5,
        "MO-Z": 68.8,
        "NE-WX": 303.0,
        "NE-WY": 590.0,
        "NE-WZ": 556.0,
        "LY-WX": 970.0,
        "LY-WY": 1484.0,
        "LY-WZ": 682.0,
        "MO-WX": 246.0,
        "MO-WY": 735.0,
        "MO-WZ": 480.0
    },
    "镜检": 11,
    "label": 2
}