{
    "基础信息": {
        "住院号": 547925,
        "条码号": 20495188600,
        "序号": 3106
    },
    "图片路径": "../disease_arms/3106.png",
    "临床": {
        "发热": 1,
        "关节及骨骼痛": 0,
        "出血": 0,
        "贫血": 0,
        "器官肿大": 0,
        "中枢神经系统症状": 0,
        "腹痛": 0,
        "咳嗽": 1,
        "皮疹": 0
    },
    "生化": {
        "乳酸脱氢酶LDH": 404.0,
        "铁蛋白Fer": 726.3194580078125
    },
    "血常规报告参数": {
        "性别(男1女2）": 1.0,
        "年龄": 0.7,
        "WBC(109/L)": 10.58,
        "RBC(1012/L)": 5.85,
        "HGB(g/L)": 102.0,
        "HCT(％）": 33.7,
        "MCV(fL)": 57.6,
        "MCH(pg)": 17.4,
        "MCHC(g/L)": 303.0,
        "PLT(109/L)": 259.0,
        "RDW-SD(fL)": 35.6,
        "RDW-CV(％）": 19.0,
        "PDW（fL)": 11.6517105,
        "MPV(fL)": 10.272814,
        "P-LCR(％）": 26.68555,
        "PCT(％）": 0.26870722,
        "NRBC﹟(109/L)": 0.0,
        "NRBC％（/100WBC)": 0.0,
        "NEUT％": 11.8,
        "LYMPH％": 82.8,
        "MONO％": 4.2,
        "EO％": 0.7,
        "BASO％": 5.0,
        "IG﹟(109/L)": 0.02,
        "IG％": 0.2
    },
    "淋巴类别": {
        "Blasts/Abn Ly": 280.0,
        "Atypical": 280.0,
        "Atypical.1": 220.0,
        "Blasts": 0.0,
        "Abn Ly": 300.0
    },
    "血常规通道参数": {
        "WNR-X": 163.8,
        "WNR-Y": 102.7,
        "WNR-Z": 87.8,
        "WPC-X": 68.7,
        "WPC-Y": 174.4,
        "WPC-Z": 81.3,
        "HFLC%": 3.6,
        "WBC": 10.34,
        "NE-SSC": 157.9,
        "NE-SFL": 51.6,
        "NE-FSC": 88.0,
        "LY-X": 74.9,
        "LY-Y": 60.7,
        "LY-Z": 57.5,
        "MO-X": 119.8,
        "MO-Y": 104.6,
        "MO-Z": 59.8,
        "NE-WX": 279.0,
        "NE-WY": 504.0,
        "NE-WZ": 602.0,
        "LY-WX": 907.0,
        "LY-WY": 1269.0,
        "LY-WZ": 626.0,
        "MO-WX": 250.0,
        "MO-WY": 526.0,
        "MO-WZ": 602.0
    },
    "镜检": 7,
    "label": 2
}