{
    "基础信息": {
        "住院号": 548099,
        "条码号": 20496025600,
        "序号": 3107
    },
    "图片路径": "../disease_arms/3107.png",
    "临床": {
        "发热": 1,
        "关节及骨骼痛": 0,
        "出血": 0,
        "贫血": 0,
        "器官肿大": 1,
        "中枢神经系统症状": 0,
        "腹痛": 0,
        "咳嗽": 0,
        "皮疹": 0
    },
    "生化": {
        "乳酸脱氢酶LDH": 463.0,
        "铁蛋白Fer": 726.3194580078125
    },
    "血常规报告参数": {
        "性别(男1女2）": 2.0,
        "年龄": 6.3,
        "WBC(109/L)": 4.96,
        "RBC(1012/L)": 3.74,
        "HGB(g/L)": 106.0,
        "HCT(％）": 32.1,
        "MCV(fL)": 85.8,
        "MCH(pg)": 28.3,
        "MCHC(g/L)": 330.0,
        "PLT(109/L)": 241.0,
        "RDW-SD(fL)": 43.2,
        "RDW-CV(％）": 13.8,
        "PDW（fL)": 11.7,
        "MPV(fL)": 10.5,
        "P-LCR(％）": 29.0,
        "PCT(％）": 0.25,
        "NRBC﹟(109/L)": 0.0,
        "NRBC％（/100WBC)": 0.0,
        "NEUT％": 39.9,
        "LYMPH％": 51.6,
        "MONO％": 7.1,
        "EO％": 0.8,
        "BASO％": 0.6,
        "IG﹟(109/L)": 0.01,
        "IG％": 0.2
    },
    "淋巴类别": {
        "Blasts/Abn Ly": 0.0,
        "Atypical": 230.0,
        "Atypical.1": 257.807,
        "Blasts": 8.447489,
        "Abn Ly": 173.05936
    },
    "血常规通道参数": {
        "WNR-X": 163.3,
        "WNR-Y": 103.0,
        "WNR-Z": 87.2,
        "WPC-X": 72.40138,
        "WPC-Y": 170.86313,
        "WPC-Z": 85.347466,
        "HFLC%": 1.8,
        "WBC": 4.96,
        "NE-SSC": 151.1,
        "NE-SFL": 48.7,
        "NE-FSC": 81.9,
        "LY-X": 80.6,
        "LY-Y": 73.1,
        "LY-Z": 58.5,
        "MO-X": 121.9,
        "MO-Y": 112.4,
        "MO-Z": 58.4,
        "NE-WX": 318.0,
        "NE-WY": 595.0,
        "NE-WZ": 623.0,
        "LY-WX": 695.0,
        "LY-WY": 1410.0,
        "LY-WZ": 632.0,
        "MO-WX": 287.0,
        "MO-WY": 694.0,
        "MO-WZ": 702.0
    },
    "镜检": 7,
    "label": 2
}