{
    "基础信息": {
        "住院号": 548115,
        "条码号": 20496016700,
        "序号": 3108
    },
    "图片路径": "../disease_arms/3108.png",
    "临床": {
        "发热": 1,
        "关节及骨骼痛": 0,
        "出血": 0,
        "贫血": 0,
        "器官肿大": 0,
        "中枢神经系统症状": 0,
        "腹痛": 0,
        "咳嗽": 1,
        "皮疹": 0
    },
    "生化": {
        "乳酸脱氢酶LDH": 429.0,
        "铁蛋白Fer": 726.3194580078125
    },
    "血常规报告参数": {
        "性别(男1女2）": 1.0,
        "年龄": 3.1,
        "WBC(109/L)": 6.07,
        "RBC(1012/L)": 4.69,
        "HGB(g/L)": 125.0,
        "HCT(％）": 36.6,
        "MCV(fL)": 78.0,
        "MCH(pg)": 26.7,
        "MCHC(g/L)": 342.0,
        "PLT(109/L)": 279.0,
        "RDW-SD(fL)": 37.0,
        "RDW-CV(％）": 13.1,
        "PDW（fL)": 8.4,
        "MPV(fL)": 8.7,
        "P-LCR(％）": 14.6,
        "PCT(％）": 0.24,
        "NRBC﹟(109/L)": 0.0,
        "NRBC％（/100WBC)": 0.0,
        "NEUT％": 41.1,
        "LYMPH％": 54.4,
        "MONO％": 4.0,
        "EO％": 0.2,
        "BASO％": 0.3,
        "IG﹟(109/L)": 0.01,
        "IG％": 0.2
    },
    "淋巴类别": {
        "Blasts/Abn Ly": 0.0,
        "Atypical": 300.0,
        "Atypical.1": 257.807,
        "Blasts": 8.447489,
        "Abn Ly": 173.05936
    },
    "血常规通道参数": {
        "WNR-X": 156.9,
        "WNR-Y": 99.4,
        "WNR-Z": 85.9,
        "WPC-X": 72.40138,
        "WPC-Y": 170.86313,
        "WPC-Z": 85.347466,
        "HFLC%": 3.5,
        "WBC": 6.07,
        "NE-SSC": 157.6,
        "NE-SFL": 52.0,
        "NE-FSC": 86.3,
        "LY-X": 74.3,
        "LY-Y": 62.7,
        "LY-Z": 57.9,
        "MO-X": 123.0,
        "MO-Y": 116.1,
        "MO-Z": 60.5,
        "NE-WX": 311.0,
        "NE-WY": 577.0,
        "NE-WZ": 602.0,
        "LY-WX": 997.0,
        "LY-WY": 1626.0,
        "LY-WZ": 656.0,
        "MO-WX": 309.0,
        "MO-WY": 792.0,
        "MO-WZ": 661.0
    },
    "镜检": 7,
    "label": 2
}