{
    "基础信息": {
        "住院号": 548046,
        "条码号": 20495642600,
        "序号": 3109
    },
    "图片路径": "../disease_arms/3109.png",
    "临床": {
        "发热": 0,
        "关节及骨骼痛": 0,
        "出血": 1,
        "贫血": 0,
        "器官肿大": 0,
        "中枢神经系统症状": 0,
        "腹痛": 0,
        "咳嗽": 0,
        "皮疹": 0
    },
    "生化": {
        "乳酸脱氢酶LDH": 298.0,
        "铁蛋白Fer": 726.3194580078125
    },
    "血常规报告参数": {
        "性别(男1女2）": 1.0,
        "年龄": 0.1,
        "WBC(109/L)": 5.77,
        "RBC(1012/L)": 4.29,
        "HGB(g/L)": 145.0,
        "HCT(％）": 41.0,
        "MCV(fL)": 95.6,
        "MCH(pg)": 33.8,
        "MCHC(g/L)": 354.0,
        "PLT(109/L)": 236.0,
        "RDW-SD(fL)": 55.6,
        "RDW-CV(％）": 15.7,
        "PDW（fL)": 14.1,
        "MPV(fL)": 11.3,
        "P-LCR(％）": 35.0,
        "PCT(％）": 0.27,
        "NRBC﹟(109/L)": 0.0,
        "NRBC％（/100WBC)": 0.0,
        "NEUT％": 31.5,
        "LYMPH％": 48.7,
        "MONO％": 18.7,
        "EO％": 0.9,
        "BASO％": 0.2,
        "IG﹟(109/L)": 0.02,
        "IG％": 0.3
    },
    "淋巴类别": {
        "Blasts/Abn Ly": 90.0,
        "Atypical": 0.0,
        "Atypical.1": 257.807,
        "Blasts": 8.447489,
        "Abn Ly": 173.05936
    },
    "血常规通道参数": {
        "WNR-X": 170.6,
        "WNR-Y": 106.2,
        "WNR-Z": 95.0,
        "WPC-X": 72.40138,
        "WPC-Y": 170.86313,
        "WPC-Z": 85.347466,
        "HFLC%": 0.2,
        "WBC": 5.77,
        "NE-SSC": 149.7,
        "NE-SFL": 50.3,
        "NE-FSC": 83.6,
        "LY-X": 77.0,
        "LY-Y": 61.1,
        "LY-Z": 58.6,
        "MO-X": 114.0,
        "MO-Y": 89.8,
        "MO-Z": 62.8,
        "NE-WX": 347.0,
        "NE-WY": 656.0,
        "NE-WZ": 634.0,
        "LY-WX": 585.0,
        "LY-WY": 982.0,
        "LY-WZ": 546.0,
        "MO-WX": 254.0,
        "MO-WY": 623.0,
        "MO-WZ": 557.0
    },
    "镜检": 9,
    "label": 2
}