{
    "基础信息": {
        "住院号": 483671,
        "条码号": 20496772500,
        "序号": 3110
    },
    "图片路径": "../disease_arms/3110.png",
    "临床": {
        "发热": 1,
        "关节及骨骼痛": 0,
        "出血": 0,
        "贫血": 0,
        "器官肿大": 0,
        "中枢神经系统症状": 0,
        "腹痛": 0,
        "咳嗽": 1,
        "皮疹": 0
    },
    "生化": {
        "乳酸脱氢酶LDH": 398.0,
        "铁蛋白Fer": 726.3194580078125
    },
    "血常规报告参数": {
        "性别(男1女2）": 1.0,
        "年龄": 2.2,
        "WBC(109/L)": 3.41,
        "RBC(1012/L)": 4.53,
        "HGB(g/L)": 123.0,
        "HCT(％）": 37.1,
        "MCV(fL)": 81.9,
        "MCH(pg)": 27.2,
        "MCHC(g/L)": 332.0,
        "PLT(109/L)": 295.0,
        "RDW-SD(fL)": 39.6,
        "RDW-CV(％）": 13.3,
        "PDW（fL)": 12.7,
        "MPV(fL)": 10.9,
        "P-LCR(％）": 32.3,
        "PCT(％）": 0.32,
        "NRBC﹟(109/L)": 0.0,
        "NRBC％（/100WBC)": 0.0,
        "NEUT％": 48.9,
        "LYMPH％": 40.8,
        "MONO％": 9.7,
        "EO％": 0.3,
        "BASO％": 0.3,
        "IG﹟(109/L)": 0.01,
        "IG％": 0.3
    },
    "淋巴类别": {
        "Blasts/Abn Ly": 0.0,
        "Atypical": 300.0,
        "Atypical.1": 257.807,
        "Blasts": 8.447489,
        "Abn Ly": 173.05936
    },
    "血常规通道参数": {
        "WNR-X": 153.5,
        "WNR-Y": 99.8,
        "WNR-Z": 83.3,
        "WPC-X": 72.40138,
        "WPC-Y": 170.86313,
        "WPC-Z": 85.347466,
        "HFLC%": 0.0,
        "WBC": 3.41,
        "NE-SSC": 151.0,
        "NE-SFL": 51.5,
        "NE-FSC": 84.8,
        "LY-X": 72.6,
        "LY-Y": 60.4,
        "LY-Z": 55.3,
        "MO-X": 113.5,
        "MO-Y": 114.2,
        "MO-Z": 69.7,
        "NE-WX": 305.0,
        "NE-WY": 544.0,
        "NE-WZ": 602.0,
        "LY-WX": 620.0,
        "LY-WY": 944.0,
        "LY-WZ": 524.0,
        "MO-WX": 450.0,
        "MO-WY": 1314.0,
        "MO-WZ": 1019.0
    },
    "镜检": 6,
    "label": 2
}