{
    "基础信息": {
        "住院号": 548394,
        "条码号": 20497743100,
        "序号": 3112
    },
    "图片路径": "../disease_arms/3112.png",
    "临床": {
        "发热": 0,
        "关节及骨骼痛": 0,
        "出血": 1,
        "贫血": 0,
        "器官肿大": 0,
        "中枢神经系统症状": 0,
        "腹痛": 0,
        "咳嗽": 0,
        "皮疹": 0
    },
    "生化": {
        "乳酸脱氢酶LDH": 373.0,
        "铁蛋白Fer": 117.7
    },
    "血常规报告参数": {
        "性别(男1女2）": 2.0,
        "年龄": 1.1,
        "WBC(109/L)": 13.86,
        "RBC(1012/L)": 4.8,
        "HGB(g/L)": 124.0,
        "HCT(％）": 37.5,
        "MCV(fL)": 78.1,
        "MCH(pg)": 25.8,
        "MCHC(g/L)": 331.0,
        "PLT(109/L)": 7.0,
        "RDW-SD(fL)": 34.9,
        "RDW-CV(％）": 12.3,
        "PDW（fL)": 11.6517105,
        "MPV(fL)": 10.272814,
        "P-LCR(％）": 26.68555,
        "PCT(％）": 0.26870722,
        "NRBC﹟(109/L)": 0.01,
        "NRBC％（/100WBC)": 0.1,
        "NEUT％": 15.7,
        "LYMPH％": 75.3,
        "MONO％": 6.4,
        "EO％": 2.4,
        "BASO％": 0.2,
        "IG﹟(109/L)": 0.03,
        "IG％": 0.2
    },
    "淋巴类别": {
        "Blasts/Abn Ly": 120.0,
        "Atypical": 60.0,
        "Atypical.1": 70.0,
        "Blasts": 8.447489,
        "Abn Ly": 173.05936
    },
    "血常规通道参数": {
        "WNR-X": 158.3,
        "WNR-Y": 105.1,
        "WNR-Z": 83.7,
        "WPC-X": 72.40138,
        "WPC-Y": 170.86313,
        "WPC-Z": 85.347466,
        "HFLC%": 0.7,
        "WBC": 13.39,
        "NE-SSC": 149.0,
        "NE-SFL": 45.5,
        "NE-FSC": 87.6,
        "LY-X": 73.4,
        "LY-Y": 64.8,
        "LY-Z": 57.4,
        "MO-X": 115.6,
        "MO-Y": 109.6,
        "MO-Z": 64.2,
        "NE-WX": 329.0,
        "NE-WY": 505.0,
        "NE-WZ": 582.0,
        "LY-WX": 627.0,
        "LY-WY": 988.0,
        "LY-WZ": 540.0,
        "MO-WX": 242.0,
        "MO-WY": 666.0,
        "MO-WZ": 561.0
    },
    "镜检": 6,
    "label": 2
}