{
    "基础信息": {
        "住院号": 548607,
        "条码号": 20498749500,
        "序号": 3115
    },
    "图片路径": "../disease_arms/3115.png",
    "临床": {
        "发热": 1,
        "关节及骨骼痛": 0,
        "出血": 0,
        "贫血": 0,
        "器官肿大": 0,
        "中枢神经系统症状": 0,
        "腹痛": 0,
        "咳嗽": 1,
        "皮疹": 0
    },
    "生化": {
        "乳酸脱氢酶LDH": 434.0,
        "铁蛋白Fer": 726.3194580078125
    },
    "血常规报告参数": {
        "性别(男1女2）": 2.0,
        "年龄": 2.5,
        "WBC(109/L)": 12.8,
        "RBC(1012/L)": 4.34,
        "HGB(g/L)": 116.0,
        "HCT(％）": 35.1,
        "MCV(fL)": 80.9,
        "MCH(pg)": 26.7,
        "MCHC(g/L)": 330.0,
        "PLT(109/L)": 252.0,
        "RDW-SD(fL)": 35.4,
        "RDW-CV(％）": 12.0,
        "PDW（fL)": 10.8,
        "MPV(fL)": 10.4,
        "P-LCR(％）": 27.0,
        "PCT(％）": 0.26,
        "NRBC﹟(109/L)": 0.0,
        "NRBC％（/100WBC)": 0.0,
        "NEUT％": 53.8,
        "LYMPH％": 39.2,
        "MONO％": 6.5,
        "EO％": 0.2,
        "BASO％": 0.3,
        "IG﹟(109/L)": 0.04,
        "IG％": 0.3
    },
    "淋巴类别": {
        "Blasts/Abn Ly": 0.0,
        "Atypical": 270.0,
        "Atypical.1": 257.807,
        "Blasts": 8.447489,
        "Abn Ly": 173.05936
    },
    "血常规通道参数": {
        "WNR-X": 160.1,
        "WNR-Y": 100.7,
        "WNR-Z": 88.5,
        "WPC-X": 72.40138,
        "WPC-Y": 170.86313,
        "WPC-Z": 85.347466,
        "HFLC%": 1.7,
        "WBC": 12.8,
        "NE-SSC": 147.1,
        "NE-SFL": 50.4,
        "NE-FSC": 80.5,
        "LY-X": 73.6,
        "LY-Y": 61.7,
        "LY-Z": 57.4,
        "MO-X": 119.8,
        "MO-Y": 105.5,
        "MO-Z": 60.4,
        "NE-WX": 340.0,
        "NE-WY": 695.0,
        "NE-WZ": 671.0,
        "LY-WX": 992.0,
        "LY-WY": 1289.0,
        "LY-WZ": 714.0,
        "MO-WX": 259.0,
        "MO-WY": 730.0,
        "MO-WZ": 662.0
    },
    "镜检": 6,
    "label": 2
}