{
    "基础信息": {
        "住院号": 549651,
        "条码号": 20503580700,
        "序号": 3129
    },
    "图片路径": "../disease_arms/3129.png",
    "临床": {
        "发热": 1,
        "关节及骨骼痛": 0,
        "出血": 0,
        "贫血": 0,
        "器官肿大": 1,
        "中枢神经系统症状": 0,
        "腹痛": 0,
        "咳嗽": 1,
        "皮疹": 0
    },
    "生化": {
        "乳酸脱氢酶LDH": 400.0,
        "铁蛋白Fer": 726.3194580078125
    },
    "血常规报告参数": {
        "性别(男1女2）": 1.0,
        "年龄": 3.7,
        "WBC(109/L)": 10.15,
        "RBC(1012/L)": 4.0,
        "HGB(g/L)": 109.0,
        "HCT(％）": 31.1,
        "MCV(fL)": 77.8,
        "MCH(pg)": 27.3,
        "MCHC(g/L)": 350.0,
        "PLT(109/L)": 217.0,
        "RDW-SD(fL)": 37.0,
        "RDW-CV(％）": 13.1,
        "PDW（fL)": 9.6,
        "MPV(fL)": 9.3,
        "P-LCR(％）": 18.3,
        "PCT(％）": 0.2,
        "NRBC﹟(109/L)": 0.0,
        "NRBC％（/100WBC)": 0.0,
        "NEUT％": 42.9,
        "LYMPH％": 49.8,
        "MONO％": 6.3,
        "EO％": 0.7,
        "BASO％": 0.3,
        "IG﹟(109/L)": 0.04,
        "IG％": 0.4
    },
    "淋巴类别": {
        "Blasts/Abn Ly": 0.0,
        "Atypical": 300.0,
        "Atypical.1": 257.807,
        "Blasts": 8.447489,
        "Abn Ly": 173.05936
    },
    "血常规通道参数": {
        "WNR-X": 160.7,
        "WNR-Y": 98.2,
        "WNR-Z": 87.3,
        "WPC-X": 72.40138,
        "WPC-Y": 170.86313,
        "WPC-Z": 85.347466,
        "HFLC%": 1.7,
        "WBC": 10.15,
        "NE-SSC": 161.1,
        "NE-SFL": 50.1,
        "NE-FSC": 89.1,
        "LY-X": 81.9,
        "LY-Y": 72.4,
        "LY-Z": 58.4,
        "MO-X": 121.0,
        "MO-Y": 114.1,
        "MO-Z": 67.2,
        "NE-WX": 279.0,
        "NE-WY": 559.0,
        "NE-WZ": 629.0,
        "LY-WX": 708.0,
        "LY-WY": 1353.0,
        "LY-WZ": 720.0,
        "MO-WX": 240.0,
        "MO-WY": 719.0,
        "MO-WZ": 715.0
    },
    "镜检": 8,
    "label": 2
}