{
    "基础信息": {
        "住院号": 550087,
        "条码号": 20505375800,
        "序号": 3132
    },
    "图片路径": "../disease_arms/3132.png",
    "临床": {
        "发热": 1,
        "关节及骨骼痛": 0,
        "出血": 0,
        "贫血": 0,
        "器官肿大": 0,
        "中枢神经系统症状": 0,
        "腹痛": 0,
        "咳嗽": 1,
        "皮疹": 0
    },
    "生化": {
        "乳酸脱氢酶LDH": 375.0,
        "铁蛋白Fer": 726.3194580078125
    },
    "血常规报告参数": {
        "性别(男1女2）": 1.0,
        "年龄": 0.3,
        "WBC(109/L)": 5.47,
        "RBC(1012/L)": 5.26,
        "HGB(g/L)": 128.0,
        "HCT(％）": 38.2,
        "MCV(fL)": 72.6,
        "MCH(pg)": 24.3,
        "MCHC(g/L)": 335.0,
        "PLT(109/L)": 584.0,
        "RDW-SD(fL)": 32.7,
        "RDW-CV(％）": 12.7,
        "PDW（fL)": 9.2,
        "MPV(fL)": 9.0,
        "P-LCR(％）": 16.5,
        "PCT(％）": 0.53,
        "NRBC﹟(109/L)": 0.0,
        "NRBC％（/100WBC)": 0.0,
        "NEUT％": 40.2,
        "LYMPH％": 55.9,
        "MONO％": 3.7,
        "EO％": 0.0,
        "BASO％": 0.2,
        "IG﹟(109/L)": 0.02,
        "IG％": 0.4
    },
    "淋巴类别": {
        "Blasts/Abn Ly": 0.0,
        "Atypical": 270.0,
        "Atypical.1": 0.0,
        "Blasts": 8.447489,
        "Abn Ly": 173.05936
    },
    "血常规通道参数": {
        "WNR-X": 158.8,
        "WNR-Y": 97.6,
        "WNR-Z": 83.2,
        "WPC-X": 72.40138,
        "WPC-Y": 170.86313,
        "WPC-Z": 85.347466,
        "HFLC%": 2.7,
        "WBC": 5.47,
        "NE-SSC": 153.1,
        "NE-SFL": 40.6,
        "NE-FSC": 87.4,
        "LY-X": 73.5,
        "LY-Y": 55.0,
        "LY-Z": 55.9,
        "MO-X": 116.1,
        "MO-Y": 98.8,
        "MO-Z": 67.3,
        "NE-WX": 313.0,
        "NE-WY": 615.0,
        "NE-WZ": 618.0,
        "LY-WX": 1021.0,
        "LY-WY": 1181.0,
        "LY-WZ": 787.0,
        "MO-WX": 344.0,
        "MO-WY": 597.0,
        "MO-WZ": 698.0
    },
    "镜检": 10,
    "label": 2
}