{
    "基础信息": {
        "住院号": 550105,
        "条码号": 20505374000,
        "序号": 3133
    },
    "图片路径": "../disease_arms/3133.png",
    "临床": {
        "发热": 0,
        "关节及骨骼痛": 0,
        "出血": 0,
        "贫血": 0,
        "器官肿大": 0,
        "中枢神经系统症状": 0,
        "腹痛": 0,
        "咳嗽": 0,
        "皮疹": 0
    },
    "生化": {
        "乳酸脱氢酶LDH": 367.0,
        "铁蛋白Fer": 726.3194580078125
    },
    "血常规报告参数": {
        "性别(男1女2）": 1.0,
        "年龄": 0.1,
        "WBC(109/L)": 10.11,
        "RBC(1012/L)": 4.87,
        "HGB(g/L)": 168.0,
        "HCT(％）": 48.1,
        "MCV(fL)": 98.8,
        "MCH(pg)": 34.5,
        "MCHC(g/L)": 349.0,
        "PLT(109/L)": 466.0,
        "RDW-SD(fL)": 56.2,
        "RDW-CV(％）": 15.6,
        "PDW（fL)": 14.0,
        "MPV(fL)": 11.4,
        "P-LCR(％）": 36.1,
        "PCT(％）": 0.53,
        "NRBC﹟(109/L)": 0.01,
        "NRBC％（/100WBC)": 0.1,
        "NEUT％": 38.0,
        "LYMPH％": 50.2,
        "MONO％": 6.0,
        "EO％": 5.0,
        "BASO％": 0.8,
        "IG﹟(109/L)": 0.06,
        "IG％": 0.6
    },
    "淋巴类别": {
        "Blasts/Abn Ly": 120.0,
        "Atypical": 0.0,
        "Atypical.1": 257.807,
        "Blasts": 8.447489,
        "Abn Ly": 173.05936
    },
    "血常规通道参数": {
        "WNR-X": 155.4,
        "WNR-Y": 103.6,
        "WNR-Z": 85.0,
        "WPC-X": 72.40138,
        "WPC-Y": 170.86313,
        "WPC-Z": 85.347466,
        "HFLC%": 0.0,
        "WBC": 10.11,
        "NE-SSC": 152.5,
        "NE-SFL": 39.0,
        "NE-FSC": 89.4,
        "LY-X": 79.1,
        "LY-Y": 59.7,
        "LY-Z": 60.6,
        "MO-X": 113.4,
        "MO-Y": 90.0,
        "MO-Z": 66.5,
        "NE-WX": 302.0,
        "NE-WY": 590.0,
        "NE-WZ": 671.0,
        "LY-WX": 506.0,
        "LY-WY": 988.0,
        "LY-WZ": 611.0,
        "MO-WX": 256.0,
        "MO-WY": 678.0,
        "MO-WZ": 662.0
    },
    "镜检": 8,
    "label": 2
}