{
    "基础信息": {
        "住院号": 550021,
        "条码号": 20505103600,
        "序号": 3135
    },
    "图片路径": "../disease_arms/3135.png",
    "临床": {
        "发热": 1,
        "关节及骨骼痛": 0,
        "出血": 0,
        "贫血": 0,
        "器官肿大": 0,
        "中枢神经系统症状": 0,
        "腹痛": 0,
        "咳嗽": 1,
        "皮疹": 0
    },
    "生化": {
        "乳酸脱氢酶LDH": 488.0,
        "铁蛋白Fer": 726.3194580078125
    },
    "血常规报告参数": {
        "性别(男1女2）": 2.0,
        "年龄": 3.1,
        "WBC(109/L)": 7.46,
        "RBC(1012/L)": 4.22,
        "HGB(g/L)": 109.0,
        "HCT(％）": 33.7,
        "MCV(fL)": 79.9,
        "MCH(pg)": 25.8,
        "MCHC(g/L)": 323.0,
        "PLT(109/L)": 196.0,
        "RDW-SD(fL)": 36.8,
        "RDW-CV(％）": 12.9,
        "PDW（fL)": 8.7,
        "MPV(fL)": 9.2,
        "P-LCR(％）": 17.6,
        "PCT(％）": 0.18,
        "NRBC﹟(109/L)": 0.0,
        "NRBC％（/100WBC)": 0.0,
        "NEUT％": 44.7,
        "LYMPH％": 48.0,
        "MONO％": 5.9,
        "EO％": 1.3,
        "BASO％": 0.1,
        "IG﹟(109/L)": 0.02,
        "IG％": 0.3
    },
    "淋巴类别": {
        "Blasts/Abn Ly": 0.0,
        "Atypical": 300.0,
        "Atypical.1": 257.807,
        "Blasts": 8.447489,
        "Abn Ly": 173.05936
    },
    "血常规通道参数": {
        "WNR-X": 159.8,
        "WNR-Y": 98.5,
        "WNR-Z": 85.7,
        "WPC-X": 72.40138,
        "WPC-Y": 170.86313,
        "WPC-Z": 85.347466,
        "HFLC%": 4.0,
        "WBC": 7.46,
        "NE-SSC": 145.6,
        "NE-SFL": 50.0,
        "NE-FSC": 84.3,
        "LY-X": 74.4,
        "LY-Y": 61.1,
        "LY-Z": 57.2,
        "MO-X": 117.9,
        "MO-Y": 99.5,
        "MO-Z": 63.2,
        "NE-WX": 309.0,
        "NE-WY": 560.0,
        "NE-WZ": 628.0,
        "LY-WX": 1170.0,
        "LY-WY": 1407.0,
        "LY-WZ": 717.0,
        "MO-WX": 288.0,
        "MO-WY": 925.0,
        "MO-WZ": 728.0
    },
    "镜检": 9,
    "label": 2
}