{
    "基础信息": {
        "住院号": 549524,
        "条码号": 20505510400,
        "序号": 3137
    },
    "图片路径": "../disease_arms/3137.png",
    "临床": {
        "发热": 1,
        "关节及骨骼痛": 0,
        "出血": 0,
        "贫血": 0,
        "器官肿大": 1,
        "中枢神经系统症状": 0,
        "腹痛": 0,
        "咳嗽": 1,
        "皮疹": 0
    },
    "生化": {
        "乳酸脱氢酶LDH": 444.0,
        "铁蛋白Fer": 162.56
    },
    "血常规报告参数": {
        "性别(男1女2）": 2.0,
        "年龄": 5.8,
        "WBC(109/L)": 14.77,
        "RBC(1012/L)": 4.32,
        "HGB(g/L)": 115.0,
        "HCT(％）": 34.7,
        "MCV(fL)": 80.3,
        "MCH(pg)": 26.6,
        "MCHC(g/L)": 331.0,
        "PLT(109/L)": 216.0,
        "RDW-SD(fL)": 10.0,
        "RDW-CV(％）": 13.8,
        "PDW（fL)": 11.8,
        "MPV(fL)": 10.2,
        "P-LCR(％）": 26.5,
        "PCT(％）": 0.22,
        "NRBC﹟(109/L)": 0.01,
        "NRBC％（/100WBC)": 0.1,
        "NEUT％": 14.4,
        "LYMPH％": 80.2,
        "MONO％": 3.8,
        "EO％": 0.4,
        "BASO％": 1.2,
        "IG﹟(109/L)": 0.04,
        "IG％": 0.3
    },
    "淋巴类别": {
        "Blasts/Abn Ly": 300.0,
        "Atypical": 300.0,
        "Atypical.1": 257.807,
        "Blasts": 8.447489,
        "Abn Ly": 173.05936
    },
    "血常规通道参数": {
        "WNR-X": 165.8,
        "WNR-Y": 108.0,
        "WNR-Z": 88.4,
        "WPC-X": 72.40138,
        "WPC-Y": 170.86313,
        "WPC-Z": 85.347466,
        "HFLC%": 2.2,
        "WBC": 14.77,
        "NE-SSC": 150.5,
        "NE-SFL": 44.5,
        "NE-FSC": 81.2,
        "LY-X": 77.6,
        "LY-Y": 66.9,
        "LY-Z": 58.2,
        "MO-X": 121.4,
        "MO-Y": 110.6,
        "MO-Z": 64.9,
        "NE-WX": 352.0,
        "NE-WY": 652.0,
        "NE-WZ": 739.0,
        "LY-WX": 760.0,
        "LY-WY": 1615.0,
        "LY-WZ": 773.0,
        "MO-WX": 247.0,
        "MO-WY": 787.0,
        "MO-WZ": 662.0
    },
    "镜检": 10,
    "label": 2
}