{
    "基础信息": {
        "住院号": 550965,
        "条码号": 20509776000,
        "序号": 3144
    },
    "图片路径": "../disease_arms/3144.png",
    "临床": {
        "发热": 1,
        "关节及骨骼痛": 0,
        "出血": 0,
        "贫血": 0,
        "器官肿大": 0,
        "中枢神经系统症状": 0,
        "腹痛": 0,
        "咳嗽": 1,
        "皮疹": 1
    },
    "生化": {
        "乳酸脱氢酶LDH": 466.0,
        "铁蛋白Fer": 726.3194580078125
    },
    "血常规报告参数": {
        "性别(男1女2）": 2.0,
        "年龄": 0.8,
        "WBC(109/L)": 8.24,
        "RBC(1012/L)": 4.14,
        "HGB(g/L)": 113.0,
        "HCT(％）": 35.2,
        "MCV(fL)": 85.0,
        "MCH(pg)": 27.3,
        "MCHC(g/L)": 321.0,
        "PLT(109/L)": 271.0,
        "RDW-SD(fL)": 42.7,
        "RDW-CV(％）": 13.7,
        "PDW（fL)": 11.4,
        "MPV(fL)": 10.3,
        "P-LCR(％）": 25.9,
        "PCT(％）": 0.28,
        "NRBC﹟(109/L)": 0.0,
        "NRBC％（/100WBC)": 0.0,
        "NEUT％": 27.8,
        "LYMPH％": 66.1,
        "MONO％": 5.1,
        "EO％": 0.6,
        "BASO％": 0.4,
        "IG﹟(109/L)": 0.02,
        "IG％": 0.2
    },
    "淋巴类别": {
        "Blasts/Abn Ly": 230.0,
        "Atypical": 240.0,
        "Atypical.1": 257.807,
        "Blasts": 8.447489,
        "Abn Ly": 173.05936
    },
    "血常规通道参数": {
        "WNR-X": 164.9,
        "WNR-Y": 102.8,
        "WNR-Z": 85.3,
        "WPC-X": 72.40138,
        "WPC-Y": 170.86313,
        "WPC-Z": 85.347466,
        "HFLC%": 2.4,
        "WBC": 8.24,
        "NE-SSC": 154.1,
        "NE-SFL": 49.6,
        "NE-FSC": 85.1,
        "LY-X": 72.5,
        "LY-Y": 59.6,
        "LY-Z": 57.4,
        "MO-X": 119.7,
        "MO-Y": 101.1,
        "MO-Z": 62.6,
        "NE-WX": 312.0,
        "NE-WY": 585.0,
        "NE-WZ": 693.0,
        "LY-WX": 979.0,
        "LY-WY": 1309.0,
        "LY-WZ": 662.0,
        "MO-WX": 259.0,
        "MO-WY": 801.0,
        "MO-WZ": 703.0
    },
    "镜检": 12,
    "label": 2
}