{
    "基础信息": {
        "住院号": 550974,
        "条码号": 20509742900,
        "序号": 3145
    },
    "图片路径": "../disease_arms/3145.png",
    "临床": {
        "发热": 1,
        "关节及骨骼痛": 0,
        "出血": 0,
        "贫血": 0,
        "器官肿大": 0,
        "中枢神经系统症状": 0,
        "腹痛": 0,
        "咳嗽": 0,
        "皮疹": 1
    },
    "生化": {
        "乳酸脱氢酶LDH": 288.0,
        "铁蛋白Fer": 726.3194580078125
    },
    "血常规报告参数": {
        "性别(男1女2）": 2.0,
        "年龄": 2.0,
        "WBC(109/L)": 4.72,
        "RBC(1012/L)": 3.44,
        "HGB(g/L)": 99.0,
        "HCT(％）": 30.2,
        "MCV(fL)": 87.8,
        "MCH(pg)": 28.8,
        "MCHC(g/L)": 328.0,
        "PLT(109/L)": 415.0,
        "RDW-SD(fL)": 37.9,
        "RDW-CV(％）": 11.8,
        "PDW（fL)": 9.7,
        "MPV(fL)": 9.5,
        "P-LCR(％）": 19.7,
        "PCT(％）": 0.39,
        "NRBC﹟(109/L)": 0.0,
        "NRBC％（/100WBC)": 0.0,
        "NEUT％": 24.0,
        "LYMPH％": 65.9,
        "MONO％": 9.7,
        "EO％": 0.2,
        "BASO％": 0.2,
        "IG﹟(109/L)": 0.0,
        "IG％": 0.0
    },
    "淋巴类别": {
        "Blasts/Abn Ly": 70.0,
        "Atypical": 100.0,
        "Atypical.1": 257.807,
        "Blasts": 8.447489,
        "Abn Ly": 173.05936
    },
    "血常规通道参数": {
        "WNR-X": 167.7,
        "WNR-Y": 101.9,
        "WNR-Z": 87.8,
        "WPC-X": 72.40138,
        "WPC-Y": 170.86313,
        "WPC-Z": 85.347466,
        "HFLC%": 1.3,
        "WBC": 4.72,
        "NE-SSC": 153.2,
        "NE-SFL": 53.2,
        "NE-FSC": 84.9,
        "LY-X": 76.7,
        "LY-Y": 65.0,
        "LY-Z": 58.9,
        "MO-X": 120.3,
        "MO-Y": 97.1,
        "MO-Z": 62.4,
        "NE-WX": 300.0,
        "NE-WY": 621.0,
        "NE-WZ": 636.0,
        "LY-WX": 769.0,
        "LY-WY": 984.0,
        "LY-WZ": 662.0,
        "MO-WX": 266.0,
        "MO-WY": 710.0,
        "MO-WZ": 689.0
    },
    "镜检": 7,
    "label": 2
}