{
    "基础信息": {
        "住院号": 551895,
        "条码号": 20514234600,
        "序号": 3154
    },
    "图片路径": "../disease_arms/3154.png",
    "临床": {
        "发热": 1,
        "关节及骨骼痛": 0,
        "出血": 0,
        "贫血": 0,
        "器官肿大": 0,
        "中枢神经系统症状": 0,
        "腹痛": 0,
        "咳嗽": 1,
        "皮疹": 0
    },
    "生化": {
        "乳酸脱氢酶LDH": 437.0,
        "铁蛋白Fer": 726.3194580078125
    },
    "血常规报告参数": {
        "性别(男1女2）": 1.0,
        "年龄": 1.8,
        "WBC(109/L)": 4.24,
        "RBC(1012/L)": 5.2,
        "HGB(g/L)": 141.0,
        "HCT(％）": 43.3,
        "MCV(fL)": 83.3,
        "MCH(pg)": 27.1,
        "MCHC(g/L)": 326.0,
        "PLT(109/L)": 218.0,
        "RDW-SD(fL)": 40.7,
        "RDW-CV(％）": 13.5,
        "PDW（fL)": 10.0,
        "MPV(fL)": 10.1,
        "P-LCR(％）": 24.4,
        "PCT(％）": 0.22,
        "NRBC﹟(109/L)": 0.0,
        "NRBC％（/100WBC)": 0.0,
        "NEUT％": 39.4,
        "LYMPH％": 55.9,
        "MONO％": 4.2,
        "EO％": 0.0,
        "BASO％": 0.5,
        "IG﹟(109/L)": 0.02,
        "IG％": 0.5
    },
    "淋巴类别": {
        "Blasts/Abn Ly": 0.0,
        "Atypical": 300.0,
        "Atypical.1": 257.807,
        "Blasts": 8.447489,
        "Abn Ly": 173.05936
    },
    "血常规通道参数": {
        "WNR-X": 159.0,
        "WNR-Y": 103.1,
        "WNR-Z": 86.1,
        "WPC-X": 72.40138,
        "WPC-Y": 170.86313,
        "WPC-Z": 85.347466,
        "HFLC%": 3.5,
        "WBC": 4.24,
        "NE-SSC": 141.8,
        "NE-SFL": 42.8,
        "NE-FSC": 78.8,
        "LY-X": 69.5,
        "LY-Y": 56.0,
        "LY-Z": 57.6,
        "MO-X": 118.2,
        "MO-Y": 102.8,
        "MO-Z": 65.2,
        "NE-WX": 331.0,
        "NE-WY": 607.0,
        "NE-WZ": 799.0,
        "LY-WX": 1108.0,
        "LY-WY": 1464.0,
        "LY-WZ": 816.0,
        "MO-WX": 279.0,
        "MO-WY": 632.0,
        "MO-WZ": 690.0
    },
    "镜检": 8,
    "label": 2
}