{
    "基础信息": {
        "住院号": 551805,
        "条码号": 20513924400,
        "序号": 3155
    },
    "图片路径": "../disease_arms/3155.png",
    "临床": {
        "发热": 0,
        "关节及骨骼痛": 0,
        "出血": 0,
        "贫血": 0,
        "器官肿大": 0,
        "中枢神经系统症状": 0,
        "腹痛": 0,
        "咳嗽": 0,
        "皮疹": 0
    },
    "生化": {
        "乳酸脱氢酶LDH": 837.0,
        "铁蛋白Fer": 726.3194580078125
    },
    "血常规报告参数": {
        "性别(男1女2）": 1.0,
        "年龄": 2.0,
        "WBC(109/L)": 13.11,
        "RBC(1012/L)": 2.84,
        "HGB(g/L)": 74.0,
        "HCT(％）": 24.3,
        "MCV(fL)": 85.6,
        "MCH(pg)": 26.1,
        "MCHC(g/L)": 305.0,
        "PLT(109/L)": 97.0,
        "RDW-SD(fL)": 52.2,
        "RDW-CV(％）": 18.9,
        "PDW（fL)": 11.6517105,
        "MPV(fL)": 10.272814,
        "P-LCR(％）": 26.68555,
        "PCT(％）": 0.26870722,
        "NRBC﹟(109/L)": 0.09,
        "NRBC％（/100WBC)": 0.7,
        "NEUT％": 11.2,
        "LYMPH％": 64.583786,
        "MONO％": 7.2346845,
        "EO％": 0.1,
        "BASO％": 0.3,
        "IG﹟(109/L)": 0.03,
        "IG％": 0.2
    },
    "淋巴类别": {
        "Blasts/Abn Ly": 300.0,
        "Atypical": 300.0,
        "Atypical.1": 300.0,
        "Blasts": 0.0,
        "Abn Ly": 0.0
    },
    "血常规通道参数": {
        "WNR-X": 178.9,
        "WNR-Y": 102.6,
        "WNR-Z": 93.4,
        "WPC-X": 76.8,
        "WPC-Y": 169.5,
        "WPC-Z": 89.8,
        "HFLC%": 3.1,
        "WBC": 13.18,
        "NE-SSC": 151.4,
        "NE-SFL": 49.9,
        "NE-FSC": 82.3,
        "LY-X": 84.3,
        "LY-Y": 79.1,
        "LY-Z": 62.2,
        "MO-X": 107.7,
        "MO-Y": 130.0,
        "MO-Z": 68.7,
        "NE-WX": 370.0,
        "NE-WY": 581.0,
        "NE-WZ": 632.0,
        "LY-WX": 474.0,
        "LY-WY": 1151.0,
        "LY-WZ": 563.0,
        "MO-WX": 325.0,
        "MO-WY": 808.0,
        "MO-WZ": 655.0
    },
    "镜检": 9,
    "label": 2
}