{
    "基础信息": {
        "住院号": 553006,
        "条码号": 20519823300,
        "序号": 3162
    },
    "图片路径": "../disease_arms/3162.png",
    "临床": {
        "发热": 1,
        "关节及骨骼痛": 0,
        "出血": 0,
        "贫血": 0,
        "器官肿大": 1,
        "中枢神经系统症状": 0,
        "腹痛": 0,
        "咳嗽": 0,
        "皮疹": 0
    },
    "生化": {
        "乳酸脱氢酶LDH": 737.0,
        "铁蛋白Fer": 726.3194580078125
    },
    "血常规报告参数": {
        "性别(男1女2）": 2.0,
        "年龄": 3.3,
        "WBC(109/L)": 22.05,
        "RBC(1012/L)": 5.39,
        "HGB(g/L)": 96.0,
        "HCT(％）": 31.2,
        "MCV(fL)": 57.9,
        "MCH(pg)": 17.8,
        "MCHC(g/L)": 308.0,
        "PLT(109/L)": 300.0,
        "RDW-SD(fL)": 33.2,
        "RDW-CV(％）": 17.8,
        "PDW（fL)": 11.6517105,
        "MPV(fL)": 10.272814,
        "P-LCR(％）": 26.68555,
        "PCT(％）": 0.26870722,
        "NRBC﹟(109/L)": 0.07,
        "NRBC％（/100WBC)": 0.3,
        "NEUT％": 14.2,
        "LYMPH％": 64.583786,
        "MONO％": 7.2346845,
        "EO％": 0.0,
        "BASO％": 0.7,
        "IG﹟(109/L)": 0.18,
        "IG％": 0.8
    },
    "淋巴类别": {
        "Blasts/Abn Ly": 300.0,
        "Atypical": 300.0,
        "Atypical.1": 300.0,
        "Blasts": 0.0,
        "Abn Ly": 300.0
    },
    "血常规通道参数": {
        "WNR-X": 175.7,
        "WNR-Y": 109.9,
        "WNR-Z": 96.9,
        "WPC-X": 74.4,
        "WPC-Y": 172.6,
        "WPC-Z": 84.2,
        "HFLC%": 9.2,
        "WBC": 22.0,
        "NE-SSC": 145.1,
        "NE-SFL": 51.8,
        "NE-FSC": 81.2,
        "LY-X": 83.6,
        "LY-Y": 85.8,
        "LY-Z": 60.9,
        "MO-X": 115.4,
        "MO-Y": 134.3,
        "MO-Z": 64.5,
        "NE-WX": 338.0,
        "NE-WY": 849.0,
        "NE-WZ": 652.0,
        "LY-WX": 814.0,
        "LY-WY": 2063.0,
        "LY-WZ": 706.0,
        "MO-WX": 390.0,
        "MO-WY": 797.0,
        "MO-WZ": 744.0
    },
    "镜检": 28,
    "label": 2
}