{
    "基础信息": {
        "住院号": 553241,
        "条码号": 20521204900,
        "序号": 3166
    },
    "图片路径": "../disease_arms/3166.png",
    "临床": {
        "发热": 1,
        "关节及骨骼痛": 0,
        "出血": 0,
        "贫血": 0,
        "器官肿大": 0,
        "中枢神经系统症状": 1,
        "腹痛": 0,
        "咳嗽": 1,
        "皮疹": 0
    },
    "生化": {
        "乳酸脱氢酶LDH": 416.0,
        "铁蛋白Fer": 726.3194580078125
    },
    "血常规报告参数": {
        "性别(男1女2）": 1.0,
        "年龄": 1.9,
        "WBC(109/L)": 11.52,
        "RBC(1012/L)": 4.79,
        "HGB(g/L)": 122.0,
        "HCT(％）": 36.0,
        "MCV(fL)": 75.2,
        "MCH(pg)": 25.5,
        "MCHC(g/L)": 339.0,
        "PLT(109/L)": 303.0,
        "RDW-SD(fL)": 31.8,
        "RDW-CV(％）": 11.8,
        "PDW（fL)": 8.1,
        "MPV(fL)": 8.8,
        "P-LCR(％）": 13.3,
        "PCT(％）": 0.27,
        "NRBC﹟(109/L)": 0.0,
        "NRBC％（/100WBC)": 0.0,
        "NEUT％": 50.1,
        "LYMPH％": 39.1,
        "MONO％": 10.2,
        "EO％": 0.3,
        "BASO％": 0.3,
        "IG﹟(109/L)": 0.05,
        "IG％": 0.4
    },
    "淋巴类别": {
        "Blasts/Abn Ly": 0.0,
        "Atypical": 300.0,
        "Atypical.1": 257.807,
        "Blasts": 8.447489,
        "Abn Ly": 173.05936
    },
    "血常规通道参数": {
        "WNR-X": 159.7,
        "WNR-Y": 98.7,
        "WNR-Z": 86.0,
        "WPC-X": 72.40138,
        "WPC-Y": 170.86313,
        "WPC-Z": 85.347466,
        "HFLC%": 4.2,
        "WBC": 11.52,
        "NE-SSC": 148.2,
        "NE-SFL": 50.3,
        "NE-FSC": 79.2,
        "LY-X": 73.5,
        "LY-Y": 57.9,
        "LY-Z": 55.9,
        "MO-X": 117.2,
        "MO-Y": 109.1,
        "MO-Z": 57.7,
        "NE-WX": 331.0,
        "NE-WY": 596.0,
        "NE-WZ": 694.0,
        "LY-WX": 1156.0,
        "LY-WY": 1192.0,
        "LY-WZ": 680.0,
        "MO-WX": 256.0,
        "MO-WY": 651.0,
        "MO-WZ": 815.0
    },
    "镜检": 9,
    "label": 2
}