{
    "基础信息": {
        "住院号": 553624,
        "条码号": 20523494600,
        "序号": 3170
    },
    "图片路径": "../disease_arms/3170.png",
    "临床": {
        "发热": 1,
        "关节及骨骼痛": 0,
        "出血": 0,
        "贫血": 0,
        "器官肿大": 1,
        "中枢神经系统症状": 0,
        "腹痛": 0,
        "咳嗽": 0,
        "皮疹": 0
    },
    "生化": {
        "乳酸脱氢酶LDH": 516.93505859375,
        "铁蛋白Fer": 726.3194580078125
    },
    "血常规报告参数": {
        "性别(男1女2）": 2.0,
        "年龄": 1.7,
        "WBC(109/L)": 10.05,
        "RBC(1012/L)": 4.14,
        "HGB(g/L)": 107.0,
        "HCT(％）": 32.4,
        "MCV(fL)": 78.3,
        "MCH(pg)": 25.8,
        "MCHC(g/L)": 330.0,
        "PLT(109/L)": 253.0,
        "RDW-SD(fL)": 34.5,
        "RDW-CV(％）": 12.1,
        "PDW（fL)": 11.7,
        "MPV(fL)": 10.5,
        "P-LCR(％）": 28.2,
        "PCT(％）": 0.27,
        "NRBC﹟(109/L)": 0.0,
        "NRBC％（/100WBC)": 0.0,
        "NEUT％": 37.8,
        "LYMPH％": 52.0,
        "MONO％": 8.5,
        "EO％": 1.2,
        "BASO％": 0.5,
        "IG﹟(109/L)": 0.04,
        "IG％": 0.4
    },
    "淋巴类别": {
        "Blasts/Abn Ly": 0.0,
        "Atypical": 300.0,
        "Atypical.1": 257.807,
        "Blasts": 8.447489,
        "Abn Ly": 173.05936
    },
    "血常规通道参数": {
        "WNR-X": 168.3,
        "WNR-Y": 103.0,
        "WNR-Z": 91.9,
        "WPC-X": 72.40138,
        "WPC-Y": 170.86313,
        "WPC-Z": 85.347466,
        "HFLC%": 6.0,
        "WBC": 10.05,
        "NE-SSC": 152.0,
        "NE-SFL": 47.5,
        "NE-FSC": 83.6,
        "LY-X": 79.9,
        "LY-Y": 73.9,
        "LY-Z": 59.7,
        "MO-X": 119.8,
        "MO-Y": 102.7,
        "MO-Z": 59.6,
        "NE-WX": 309.0,
        "NE-WY": 652.0,
        "NE-WZ": 658.0,
        "LY-WX": 964.0,
        "LY-WY": 1961.0,
        "LY-WZ": 737.0,
        "MO-WX": 301.0,
        "MO-WY": 701.0,
        "MO-WZ": 671.0
    },
    "镜检": 8,
    "label": 2
}