{
    "基础信息": {
        "住院号": 452883,
        "条码号": 20532499800,
        "序号": 3184
    },
    "图片路径": "../disease_arms/3184.png",
    "临床": {
        "发热": 0,
        "关节及骨骼痛": 0,
        "出血": 1,
        "贫血": 0,
        "器官肿大": 0,
        "中枢神经系统症状": 0,
        "腹痛": 0,
        "咳嗽": 0,
        "皮疹": 0
    },
    "生化": {
        "乳酸脱氢酶LDH": 649.0,
        "铁蛋白Fer": 726.3194580078125
    },
    "血常规报告参数": {
        "性别(男1女2）": 2.0,
        "年龄": 7.8,
        "WBC(109/L)": 7.62,
        "RBC(1012/L)": 4.41,
        "HGB(g/L)": 116.0,
        "HCT(％）": 35.2,
        "MCV(fL)": 79.8,
        "MCH(pg)": 26.3,
        "MCHC(g/L)": 330.0,
        "PLT(109/L)": 20.0,
        "RDW-SD(fL)": 34.6,
        "RDW-CV(％）": 11.9,
        "PDW（fL)": 11.6517105,
        "MPV(fL)": 10.272814,
        "P-LCR(％）": 26.68555,
        "PCT(％）": 0.26870722,
        "NRBC﹟(109/L)": 0.0,
        "NRBC％（/100WBC)": 0.0,
        "NEUT％": 12.7,
        "LYMPH％": 82.3,
        "MONO％": 3.5,
        "EO％": 0.7,
        "BASO％": 0.8,
        "IG﹟(109/L)": 0.01,
        "IG％": 0.1
    },
    "淋巴类别": {
        "Blasts/Abn Ly": 300.0,
        "Atypical": 300.0,
        "Atypical.1": 260.0,
        "Blasts": 0.0,
        "Abn Ly": 300.0
    },
    "血常规通道参数": {
        "WNR-X": 165.8,
        "WNR-Y": 108.0,
        "WNR-Z": 90.4,
        "WPC-X": 74.3,
        "WPC-Y": 169.4,
        "WPC-Z": 88.0,
        "HFLC%": 2.6,
        "WBC": 7.58,
        "NE-SSC": 146.7,
        "NE-SFL": 43.5,
        "NE-FSC": 87.1,
        "LY-X": 79.5,
        "LY-Y": 79.6,
        "LY-Z": 58.1,
        "MO-X": 119.1,
        "MO-Y": 110.5,
        "MO-Z": 63.2,
        "NE-WX": 314.0,
        "NE-WY": 575.0,
        "NE-WZ": 655.0,
        "LY-WX": 667.0,
        "LY-WY": 1533.0,
        "LY-WZ": 620.0,
        "MO-WX": 227.0,
        "MO-WY": 588.0,
        "MO-WZ": 491.0
    },
    "镜检": 32,
    "label": 2
}