{
    "基础信息": {
        "住院号": 557208,
        "条码号": 20544069000,
        "序号": 3201
    },
    "图片路径": "../disease_arms/3201.png",
    "临床": {
        "发热": 1,
        "关节及骨骼痛": 0,
        "出血": 0,
        "贫血": 0,
        "器官肿大": 0,
        "中枢神经系统症状": 0,
        "腹痛": 0,
        "咳嗽": 1,
        "皮疹": 0
    },
    "生化": {
        "乳酸脱氢酶LDH": 354.0,
        "铁蛋白Fer": 726.3194580078125
    },
    "血常规报告参数": {
        "性别(男1女2）": 2.0,
        "年龄": 0.9,
        "WBC(109/L)": 8.05,
        "RBC(1012/L)": 4.91,
        "HGB(g/L)": 125.0,
        "HCT(％）": 38.0,
        "MCV(fL)": 77.4,
        "MCH(pg)": 25.5,
        "MCHC(g/L)": 329.0,
        "PLT(109/L)": 374.0,
        "RDW-SD(fL)": 36.5,
        "RDW-CV(％）": 12.8,
        "PDW（fL)": 9.0,
        "MPV(fL)": 8.8,
        "P-LCR(％）": 15.5,
        "PCT(％）": 0.33,
        "NRBC﹟(109/L)": 0.0,
        "NRBC％（/100WBC)": 0.0,
        "NEUT％": 46.5,
        "LYMPH％": 46.7,
        "MONO％": 6.7,
        "EO％": 0.0,
        "BASO％": 0.1,
        "IG﹟(109/L)": 0.02,
        "IG％": 0.2
    },
    "淋巴类别": {
        "Blasts/Abn Ly": 0.0,
        "Atypical": 300.0,
        "Atypical.1": 257.807,
        "Blasts": 8.447489,
        "Abn Ly": 173.05936
    },
    "血常规通道参数": {
        "WNR-X": 161.2,
        "WNR-Y": 100.3,
        "WNR-Z": 86.3,
        "WPC-X": 72.40138,
        "WPC-Y": 170.86313,
        "WPC-Z": 85.347466,
        "HFLC%": 5.0,
        "WBC": 8.05,
        "NE-SSC": 151.2,
        "NE-SFL": 48.0,
        "NE-FSC": 87.6,
        "LY-X": 74.5,
        "LY-Y": 59.9,
        "LY-Z": 57.2,
        "MO-X": 119.8,
        "MO-Y": 101.8,
        "MO-Z": 67.2,
        "NE-WX": 311.0,
        "NE-WY": 563.0,
        "NE-WZ": 640.0,
        "LY-WX": 1061.0,
        "LY-WY": 936.0,
        "LY-WZ": 961.0,
        "MO-WX": 225.0,
        "MO-WY": 668.0,
        "MO-WZ": 565.0
    },
    "镜检": 9,
    "label": 2
}