{
    "基础信息": {
        "住院号": 557951,
        "条码号": 20548353700,
        "序号": 3203
    },
    "图片路径": "../disease_arms/3203.png",
    "临床": {
        "发热": 1,
        "关节及骨骼痛": 0,
        "出血": 0,
        "贫血": 0,
        "器官肿大": 0,
        "中枢神经系统症状": 1,
        "腹痛": 0,
        "咳嗽": 0,
        "皮疹": 0
    },
    "生化": {
        "乳酸脱氢酶LDH": 367.0,
        "铁蛋白Fer": 726.3194580078125
    },
    "血常规报告参数": {
        "性别(男1女2）": 1.0,
        "年龄": 6.9,
        "WBC(109/L)": 12.67,
        "RBC(1012/L)": 4.9,
        "HGB(g/L)": 301.0,
        "HCT(％）": 38.2,
        "MCV(fL)": 78.0,
        "MCH(pg)": 26.5,
        "MCHC(g/L)": 340.0,
        "PLT(109/L)": 348.0,
        "RDW-SD(fL)": 37.1,
        "RDW-CV(％）": 13.0,
        "PDW（fL)": 11.7,
        "MPV(fL)": 10.0,
        "P-LCR(％）": 25.8,
        "PCT(％）": 0.35,
        "NRBC﹟(109/L)": 0.01,
        "NRBC％（/100WBC)": 0.1,
        "NEUT％": 47.3,
        "LYMPH％": 42.4,
        "MONO％": 8.8,
        "EO％": 1.2,
        "BASO％": 0.3,
        "IG﹟(109/L)": 0.03,
        "IG％": 0.2
    },
    "淋巴类别": {
        "Blasts/Abn Ly": 0.0,
        "Atypical": 260.0,
        "Atypical.1": 257.807,
        "Blasts": 8.447489,
        "Abn Ly": 173.05936
    },
    "血常规通道参数": {
        "WNR-X": 157.1,
        "WNR-Y": 98.4,
        "WNR-Z": 83.6,
        "WPC-X": 72.40138,
        "WPC-Y": 170.86313,
        "WPC-Z": 85.347466,
        "HFLC%": 1.8,
        "WBC": 12.67,
        "NE-SSC": 154.7,
        "NE-SFL": 47.0,
        "NE-FSC": 87.4,
        "LY-X": 78.6,
        "LY-Y": 63.6,
        "LY-Z": 57.8,
        "MO-X": 117.6,
        "MO-Y": 95.6,
        "MO-Z": 58.8,
        "NE-WX": 297.0,
        "NE-WY": 596.0,
        "NE-WZ": 675.0,
        "LY-WX": 815.0,
        "LY-WY": 1604.0,
        "LY-WZ": 761.0,
        "MO-WX": 264.0,
        "MO-WY": 659.0,
        "MO-WZ": 782.0
    },
    "镜检": 11,
    "label": 2
}