{
    "基础信息": {
        "住院号": 503785,
        "条码号": 20551080400,
        "序号": 3207
    },
    "图片路径": "../disease_arms/3207.png",
    "临床": {
        "发热": 1,
        "关节及骨骼痛": 0,
        "出血": 0,
        "贫血": 0,
        "器官肿大": 0,
        "中枢神经系统症状": 0,
        "腹痛": 0,
        "咳嗽": 1,
        "皮疹": 1
    },
    "生化": {
        "乳酸脱氢酶LDH": 492.0,
        "铁蛋白Fer": 726.3194580078125
    },
    "血常规报告参数": {
        "性别(男1女2）": 1.0,
        "年龄": 2.4,
        "WBC(109/L)": 7.24,
        "RBC(1012/L)": 4.51,
        "HGB(g/L)": 120.0,
        "HCT(％）": 36.4,
        "MCV(fL)": 80.7,
        "MCH(pg)": 26.6,
        "MCHC(g/L)": 330.0,
        "PLT(109/L)": 413.0,
        "RDW-SD(fL)": 38.1,
        "RDW-CV(％）": 13.2,
        "PDW（fL)": 9.1,
        "MPV(fL)": 9.0,
        "P-LCR(％）": 16.0,
        "PCT(％）": 0.37,
        "NRBC﹟(109/L)": 0.01,
        "NRBC％（/100WBC)": 0.1,
        "NEUT％": 22.3,
        "LYMPH％": 70.2,
        "MONO％": 6.4,
        "EO％": 0.8,
        "BASO％": 0.3,
        "IG﹟(109/L)": 0.03,
        "IG％": 0.4
    },
    "淋巴类别": {
        "Blasts/Abn Ly": 300.0,
        "Atypical": 300.0,
        "Atypical.1": 300.0,
        "Blasts": 0.0,
        "Abn Ly": 0.0
    },
    "血常规通道参数": {
        "WNR-X": 166.15053,
        "WNR-Y": 104.62242,
        "WNR-Z": 89.731674,
        "WPC-X": 72.40138,
        "WPC-Y": 170.86313,
        "WPC-Z": 85.347466,
        "HFLC%": 1.1,
        "WBC": 7.18,
        "NE-SSC": 149.1,
        "NE-SFL": 49.8,
        "NE-FSC": 81.1,
        "LY-X": 78.9,
        "LY-Y": 71.6,
        "LY-Z": 58.8,
        "MO-X": 119.8,
        "MO-Y": 105.8,
        "MO-Z": 63.8,
        "NE-WX": 329.0,
        "NE-WY": 582.0,
        "NE-WZ": 604.0,
        "LY-WX": 634.0,
        "LY-WY": 1243.0,
        "LY-WZ": 561.0,
        "MO-WX": 275.0,
        "MO-WY": 690.0,
        "MO-WZ": 674.0
    },
    "镜检": 11,
    "label": 2
}