{
    "基础信息": {
        "住院号": 558946,
        "条码号": 20554623800,
        "序号": 3211
    },
    "图片路径": "../disease_arms/3211.png",
    "临床": {
        "发热": 1,
        "关节及骨骼痛": 1,
        "出血": 0,
        "贫血": 0,
        "器官肿大": 0,
        "中枢神经系统症状": 0,
        "腹痛": 0,
        "咳嗽": 1,
        "皮疹": 0
    },
    "生化": {
        "乳酸脱氢酶LDH": 650.0,
        "铁蛋白Fer": 726.3194580078125
    },
    "血常规报告参数": {
        "性别(男1女2）": 1.0,
        "年龄": 4.3,
        "WBC(109/L)": 11.79,
        "RBC(1012/L)": 0.244,
        "HGB(g/L)": 117.0,
        "HCT(％）": 34.8,
        "MCV(fL)": 82.1,
        "MCH(pg)": 27.6,
        "MCHC(g/L)": 336.0,
        "PLT(109/L)": 34.0,
        "RDW-SD(fL)": 38.5,
        "RDW-CV(％）": 12.8,
        "PDW（fL)": 11.6517105,
        "MPV(fL)": 10.272814,
        "P-LCR(％）": 26.68555,
        "PCT(％）": 0.26870722,
        "NRBC﹟(109/L)": 0.0,
        "NRBC％（/100WBC)": 0.0,
        "NEUT％": 27.2,
        "LYMPH％": 64.583786,
        "MONO％": 7.2346845,
        "EO％": 0.3,
        "BASO％": 0.9,
        "IG﹟(109/L)": 0.04,
        "IG％": 0.3
    },
    "淋巴类别": {
        "Blasts/Abn Ly": 300.0,
        "Atypical": 300.0,
        "Atypical.1": 300.0,
        "Blasts": 0.0,
        "Abn Ly": 0.0
    },
    "血常规通道参数": {
        "WNR-X": 165.6,
        "WNR-Y": 105.3,
        "WNR-Z": 93.8,
        "WPC-X": 72.7,
        "WPC-Y": 165.1,
        "WPC-Z": 89.9,
        "HFLC%": 5.1,
        "WBC": 11.83,
        "NE-SSC": 153.1,
        "NE-SFL": 48.5,
        "NE-FSC": 86.2,
        "LY-X": 84.7,
        "LY-Y": 82.0,
        "LY-Z": 62.2,
        "MO-X": 109.0,
        "MO-Y": 123.3,
        "MO-Z": 66.7,
        "NE-WX": 301.0,
        "NE-WY": 598.0,
        "NE-WZ": 615.0,
        "LY-WX": 507.0,
        "LY-WY": 1244.0,
        "LY-WZ": 675.0,
        "MO-WX": 339.0,
        "MO-WY": 876.0,
        "MO-WZ": 795.0
    },
    "镜检": 25,
    "label": 2
}