{
    "基础信息": {
        "住院号": 558933,
        "条码号": 20554524800,
        "序号": 3212
    },
    "图片路径": "../disease_arms/3212.png",
    "临床": {
        "发热": 1,
        "关节及骨骼痛": 0,
        "出血": 0,
        "贫血": 0,
        "器官肿大": 0,
        "中枢神经系统症状": 0,
        "腹痛": 0,
        "咳嗽": 0,
        "皮疹": 0
    },
    "生化": {
        "乳酸脱氢酶LDH": 516.93505859375,
        "铁蛋白Fer": 726.3194580078125
    },
    "血常规报告参数": {
        "性别(男1女2）": 2.0,
        "年龄": 7.8,
        "WBC(109/L)": 20.63,
        "RBC(1012/L)": 4.33,
        "HGB(g/L)": 116.0,
        "HCT(％）": 36.4,
        "MCV(fL)": 84.1,
        "MCH(pg)": 26.8,
        "MCHC(g/L)": 319.0,
        "PLT(109/L)": 324.0,
        "RDW-SD(fL)": 38.5,
        "RDW-CV(％）": 12.6,
        "PDW（fL)": 11.3,
        "MPV(fL)": 10.1,
        "P-LCR(％）": 25.8,
        "PCT(％）": 0.33,
        "NRBC﹟(109/L)": 0.0,
        "NRBC％（/100WBC)": 0.0,
        "NEUT％": 16.6,
        "LYMPH％": 64.583786,
        "MONO％": 7.2346845,
        "EO％": 0.0,
        "BASO％": 1.3,
        "IG﹟(109/L)": 0.06,
        "IG％": 0.3
    },
    "淋巴类别": {
        "Blasts/Abn Ly": 300.0,
        "Atypical": 300.0,
        "Atypical.1": 260.0,
        "Blasts": 0.0,
        "Abn Ly": 300.0
    },
    "血常规通道参数": {
        "WNR-X": 162.7,
        "WNR-Y": 107.9,
        "WNR-Z": 87.2,
        "WPC-X": 71.0,
        "WPC-Y": 165.3,
        "WPC-Z": 81.2,
        "HFLC%": 2.0,
        "WBC": 19.78,
        "NE-SSC": 144.8,
        "NE-SFL": 49.3,
        "NE-FSC": 85.6,
        "LY-X": 82.7,
        "LY-Y": 73.9,
        "LY-Z": 61.1,
        "MO-X": 113.4,
        "MO-Y": 114.7,
        "MO-Z": 66.5,
        "NE-WX": 325.0,
        "NE-WY": 588.0,
        "NE-WZ": 619.0,
        "LY-WX": 508.0,
        "LY-WY": 1298.0,
        "LY-WZ": 687.0,
        "MO-WX": 318.0,
        "MO-WY": 994.0,
        "MO-WZ": 872.0
    },
    "镜检": 11,
    "label": 2
}