{
    "基础信息": {
        "住院号": 559222,
        "条码号": 20556187900,
        "序号": 3213
    },
    "图片路径": "../disease_arms/3213.png",
    "临床": {
        "发热": 1,
        "关节及骨骼痛": 0,
        "出血": 0,
        "贫血": 0,
        "器官肿大": 1,
        "中枢神经系统症状": 0,
        "腹痛": 0,
        "咳嗽": 1,
        "皮疹": 0
    },
    "生化": {
        "乳酸脱氢酶LDH": 423.0,
        "铁蛋白Fer": 157.5
    },
    "血常规报告参数": {
        "性别(男1女2）": 1.0,
        "年龄": 2.1,
        "WBC(109/L)": 12.15,
        "RBC(1012/L)": 4.41,
        "HGB(g/L)": 111.0,
        "HCT(％）": 33.3,
        "MCV(fL)": 75.5,
        "MCH(pg)": 25.2,
        "MCHC(g/L)": 333.0,
        "PLT(109/L)": 273.0,
        "RDW-SD(fL)": 39.1,
        "RDW-CV(％）": 14.5,
        "PDW（fL)": 9.8,
        "MPV(fL)": 9.5,
        "P-LCR(％）": 20.4,
        "PCT(％）": 0.26,
        "NRBC﹟(109/L)": 0.0,
        "NRBC％（/100WBC)": 0.0,
        "NEUT％": 40.8,
        "LYMPH％": 64.583786,
        "MONO％": 7.2346845,
        "EO％": 0.0,
        "BASO％": 0.4,
        "IG﹟(109/L)": 0.04,
        "IG％": 0.3
    },
    "淋巴类别": {
        "Blasts/Abn Ly": 300.0,
        "Atypical": 300.0,
        "Atypical.1": 257.807,
        "Blasts": 8.447489,
        "Abn Ly": 173.05936
    },
    "血常规通道参数": {
        "WNR-X": 171.4,
        "WNR-Y": 101.4,
        "WNR-Z": 92.4,
        "WPC-X": 72.40138,
        "WPC-Y": 170.86313,
        "WPC-Z": 85.347466,
        "HFLC%": 3.1,
        "WBC": 12.15,
        "NE-SSC": 153.0,
        "NE-SFL": 53.0,
        "NE-FSC": 86.7,
        "LY-X": 88.8,
        "LY-Y": 83.8,
        "LY-Z": 61.5,
        "MO-X": 114.4,
        "MO-Y": 116.6,
        "MO-Z": 66.2,
        "NE-WX": 301.0,
        "NE-WY": 642.0,
        "NE-WZ": 715.0,
        "LY-WX": 484.0,
        "LY-WY": 1241.0,
        "LY-WZ": 683.0,
        "MO-WX": 323.0,
        "MO-WY": 900.0,
        "MO-WZ": 771.0
    },
    "镜检": 15,
    "label": 2
}