{
    "基础信息": {
        "住院号": 560359,
        "条码号": 20563158900,
        "序号": 3221
    },
    "图片路径": "../disease_arms/3221.png",
    "临床": {
        "发热": 1,
        "关节及骨骼痛": 0,
        "出血": 0,
        "贫血": 0,
        "器官肿大": 0,
        "中枢神经系统症状": 0,
        "腹痛": 0,
        "咳嗽": 0,
        "皮疹": 0
    },
    "生化": {
        "乳酸脱氢酶LDH": 387.0,
        "铁蛋白Fer": 726.3194580078125
    },
    "血常规报告参数": {
        "性别(男1女2）": 1.0,
        "年龄": 3.7,
        "WBC(109/L)": 9.68,
        "RBC(1012/L)": 4.58,
        "HGB(g/L)": 124.0,
        "HCT(％）": 37.0,
        "MCV(fL)": 80.8,
        "MCH(pg)": 27.1,
        "MCHC(g/L)": 335.0,
        "PLT(109/L)": 248.0,
        "RDW-SD(fL)": 35.3,
        "RDW-CV(％）": 12.0,
        "PDW（fL)": 11.9,
        "MPV(fL)": 10.2,
        "P-LCR(％）": 26.4,
        "PCT(％）": 0.25,
        "NRBC﹟(109/L)": 0.01,
        "NRBC％（/100WBC)": 0.1,
        "NEUT％": 45.9,
        "LYMPH％": 47.3,
        "MONO％": 6.0,
        "EO％": 0.2,
        "BASO％": 0.6,
        "IG﹟(109/L)": 0.03,
        "IG％": 0.3
    },
    "淋巴类别": {
        "Blasts/Abn Ly": 0.0,
        "Atypical": 300.0,
        "Atypical.1": 257.807,
        "Blasts": 8.447489,
        "Abn Ly": 173.05936
    },
    "血常规通道参数": {
        "WNR-X": 161.3,
        "WNR-Y": 100.9,
        "WNR-Z": 89.5,
        "WPC-X": 72.40138,
        "WPC-Y": 170.86313,
        "WPC-Z": 85.347466,
        "HFLC%": 2.6,
        "WBC": 9.68,
        "NE-SSC": 151.5,
        "NE-SFL": 48.6,
        "NE-FSC": 82.9,
        "LY-X": 84.5,
        "LY-Y": 81.6,
        "LY-Z": 59.1,
        "MO-X": 118.0,
        "MO-Y": 105.5,
        "MO-Z": 57.7,
        "NE-WX": 310.0,
        "NE-WY": 596.0,
        "NE-WZ": 603.0,
        "LY-WX": 746.0,
        "LY-WY": 1874.0,
        "LY-WZ": 660.0,
        "MO-WX": 271.0,
        "MO-WY": 881.0,
        "MO-WZ": 710.0
    },
    "镜检": 10,
    "label": 2
}