{
    "基础信息": {
        "住院号": 559987,
        "条码号": 20568050000,
        "序号": 3227
    },
    "图片路径": "../disease_arms/3227.png",
    "临床": {
        "发热": 1,
        "关节及骨骼痛": 0,
        "出血": 0,
        "贫血": 0,
        "器官肿大": 0,
        "中枢神经系统症状": 0,
        "腹痛": 0,
        "咳嗽": 0,
        "皮疹": 0
    },
    "生化": {
        "乳酸脱氢酶LDH": 305.0,
        "铁蛋白Fer": 726.3194580078125
    },
    "血常规报告参数": {
        "性别(男1女2）": 1.0,
        "年龄": 0.1,
        "WBC(109/L)": 13.32,
        "RBC(1012/L)": 3.64,
        "HGB(g/L)": 122.0,
        "HCT(％）": 36.0,
        "MCV(fL)": 98.9,
        "MCH(pg)": 33.5,
        "MCHC(g/L)": 339.0,
        "PLT(109/L)": 443.0,
        "RDW-SD(fL)": 58.7,
        "RDW-CV(％）": 16.0,
        "PDW（fL)": 12.7,
        "MPV(fL)": 10.5,
        "P-LCR(％）": 29.6,
        "PCT(％）": 0.46,
        "NRBC﹟(109/L)": 0.01,
        "NRBC％（/100WBC)": 0.1,
        "NEUT％": 28.8,
        "LYMPH％": 58.9,
        "MONO％": 9.8,
        "EO％": 2.3,
        "BASO％": 0.2,
        "IG﹟(109/L)": 0.1,
        "IG％": 0.8
    },
    "淋巴类别": {
        "Blasts/Abn Ly": 100.0,
        "Atypical": 30.0,
        "Atypical.1": 257.807,
        "Blasts": 8.447489,
        "Abn Ly": 173.05936
    },
    "血常规通道参数": {
        "WNR-X": 166.0,
        "WNR-Y": 101.4,
        "WNR-Z": 89.2,
        "WPC-X": 72.40138,
        "WPC-Y": 170.86313,
        "WPC-Z": 85.347466,
        "HFLC%": 0.3,
        "WBC": 12.32,
        "NE-SSC": 148.5,
        "NE-SFL": 37.3,
        "NE-FSC": 81.6,
        "LY-X": 80.9,
        "LY-Y": 67.8,
        "LY-Z": 61.1,
        "MO-X": 110.7,
        "MO-Y": 86.0,
        "MO-Z": 62.1,
        "NE-WX": 343.0,
        "NE-WY": 617.0,
        "NE-WZ": 600.0,
        "LY-WX": 593.0,
        "LY-WY": 930.0,
        "LY-WZ": 524.0,
        "MO-WX": 235.0,
        "MO-WY": 779.0,
        "MO-WZ": 612.0
    },
    "镜检": 15,
    "label": 2
}