{
    "基础信息": {
        "住院号": 562169,
        "条码号": 20575880200,
        "序号": 3229
    },
    "图片路径": "../disease_arms/3229.png",
    "临床": {
        "发热": 0,
        "关节及骨骼痛": 0,
        "出血": 0,
        "贫血": 0,
        "器官肿大": 0,
        "中枢神经系统症状": 0,
        "腹痛": 0,
        "咳嗽": 1,
        "皮疹": 0
    },
    "生化": {
        "乳酸脱氢酶LDH": 489.0,
        "铁蛋白Fer": 726.3194580078125
    },
    "血常规报告参数": {
        "性别(男1女2）": 1.0,
        "年龄": 5.3,
        "WBC(109/L)": 7.57,
        "RBC(1012/L)": 4.33,
        "HGB(g/L)": 118.0,
        "HCT(％）": 34.9,
        "MCV(fL)": 80.6,
        "MCH(pg)": 27.3,
        "MCHC(g/L)": 338.0,
        "PLT(109/L)": 227.0,
        "RDW-SD(fL)": 39.0,
        "RDW-CV(％）": 13.4,
        "PDW（fL)": 8.7,
        "MPV(fL)": 8.9,
        "P-LCR(％）": 14.6,
        "PCT(％）": 0.2,
        "NRBC﹟(109/L)": 0.01,
        "NRBC％（/100WBC)": 0.1,
        "NEUT％": 21.5,
        "LYMPH％": 70.3,
        "MONO％": 5.4,
        "EO％": 2.0,
        "BASO％": 0.8,
        "IG﹟(109/L)": 0.01,
        "IG％": 0.1
    },
    "淋巴类别": {
        "Blasts/Abn Ly": 300.0,
        "Atypical": 300.0,
        "Atypical.1": 257.807,
        "Blasts": 8.447489,
        "Abn Ly": 173.05936
    },
    "血常规通道参数": {
        "WNR-X": 166.8,
        "WNR-Y": 104.0,
        "WNR-Z": 87.4,
        "WPC-X": 72.40138,
        "WPC-Y": 170.86313,
        "WPC-Z": 85.347466,
        "HFLC%": 2.6,
        "WBC": 7.57,
        "NE-SSC": 148.9,
        "NE-SFL": 47.3,
        "NE-FSC": 83.7,
        "LY-X": 84.4,
        "LY-Y": 76.8,
        "LY-Z": 61.1,
        "MO-X": 119.7,
        "MO-Y": 104.1,
        "MO-Z": 61.4,
        "NE-WX": 322.0,
        "NE-WY": 613.0,
        "NE-WZ": 633.0,
        "LY-WX": 628.0,
        "LY-WY": 1510.0,
        "LY-WZ": 687.0,
        "MO-WX": 292.0,
        "MO-WY": 720.0,
        "MO-WZ": 766.0
    },
    "镜检": 14,
    "label": 2
}