{
    "基础信息": {
        "住院号": 563030,
        "条码号": 20583948700,
        "序号": 3244
    },
    "图片路径": "../disease_arms/3244.png",
    "临床": {
        "发热": 1,
        "关节及骨骼痛": 0,
        "出血": 0,
        "贫血": 0,
        "器官肿大": 0,
        "中枢神经系统症状": 0,
        "腹痛": 0,
        "咳嗽": 1,
        "皮疹": 0
    },
    "生化": {
        "乳酸脱氢酶LDH": 623.0,
        "铁蛋白Fer": 317.51
    },
    "血常规报告参数": {
        "性别(男1女2）": 1.0,
        "年龄": 7.1,
        "WBC(109/L)": 21.26,
        "RBC(1012/L)": 4.32,
        "HGB(g/L)": 119.0,
        "HCT(％）": 36.4,
        "MCV(fL)": 84.3,
        "MCH(pg)": 27.5,
        "MCHC(g/L)": 327.0,
        "PLT(109/L)": 179.0,
        "RDW-SD(fL)": 44.1,
        "RDW-CV(％）": 14.5,
        "PDW（fL)": 14.5,
        "MPV(fL)": 11.8,
        "P-LCR(％）": 39.0,
        "PCT(％）": 0.21,
        "NRBC﹟(109/L)": 0.01,
        "NRBC％（/100WBC)": 0.0,
        "NEUT％": 9.3,
        "LYMPH％": 64.583786,
        "MONO％": 7.2346845,
        "EO％": 0.1,
        "BASO％": 1.0,
        "IG﹟(109/L)": 0.04,
        "IG％": 0.2
    },
    "淋巴类别": {
        "Blasts/Abn Ly": 300.0,
        "Atypical": 300.0,
        "Atypical.1": 257.807,
        "Blasts": 8.447489,
        "Abn Ly": 173.05936
    },
    "血常规通道参数": {
        "WNR-X": 167.1,
        "WNR-Y": 109.4,
        "WNR-Z": 89.0,
        "WPC-X": 72.40138,
        "WPC-Y": 170.86313,
        "WPC-Z": 85.347466,
        "HFLC%": 2.1,
        "WBC": 21.26,
        "NE-SSC": 143.5,
        "NE-SFL": 42.6,
        "NE-FSC": 81.0,
        "LY-X": 82.8,
        "LY-Y": 73.6,
        "LY-Z": 59.4,
        "MO-X": 109.7,
        "MO-Y": 132.0,
        "MO-Z": 68.8,
        "NE-WX": 321.0,
        "NE-WY": 681.0,
        "NE-WZ": 728.0,
        "LY-WX": 471.0,
        "LY-WY": 1223.0,
        "LY-WZ": 724.0,
        "MO-WX": 310.0,
        "MO-WY": 811.0,
        "MO-WZ": 873.0
    },
    "镜检": 30,
    "label": 2
}