{
    "基础信息": {
        "住院号": 564496,
        "条码号": 20590992100,
        "序号": 3249
    },
    "图片路径": "../disease_arms/3249.png",
    "临床": {
        "发热": 1,
        "关节及骨骼痛": 0,
        "出血": 0,
        "贫血": 0,
        "器官肿大": 0,
        "中枢神经系统症状": 0,
        "腹痛": 0,
        "咳嗽": 1,
        "皮疹": 0
    },
    "生化": {
        "乳酸脱氢酶LDH": 447.0,
        "铁蛋白Fer": 366.06
    },
    "血常规报告参数": {
        "性别(男1女2）": 2.0,
        "年龄": 3.2,
        "WBC(109/L)": 5.72,
        "RBC(1012/L)": 4.12,
        "HGB(g/L)": 112.0,
        "HCT(％）": 32.6,
        "MCV(fL)": 79.1,
        "MCH(pg)": 27.2,
        "MCHC(g/L)": 344.0,
        "PLT(109/L)": 255.0,
        "RDW-SD(fL)": 37.0,
        "RDW-CV(％）": 12.9,
        "PDW（fL)": 11.3,
        "MPV(fL)": 10.6,
        "P-LCR(％）": 28.7,
        "PCT(％）": 0.24,
        "NRBC﹟(109/L)": 0.01,
        "NRBC％（/100WBC)": 0.2,
        "NEUT％": 11.4,
        "LYMPH％": 72.4,
        "MONO％": 15.2,
        "EO％": 0.7,
        "BASO％": 0.3,
        "IG﹟(109/L)": 0.01,
        "IG％": 0.2
    },
    "淋巴类别": {
        "Blasts/Abn Ly": 160.0,
        "Atypical": 220.0,
        "Atypical.1": 257.807,
        "Blasts": 8.447489,
        "Abn Ly": 173.05936
    },
    "血常规通道参数": {
        "WNR-X": 172.5,
        "WNR-Y": 107.5,
        "WNR-Z": 93.5,
        "WPC-X": 72.40138,
        "WPC-Y": 170.86313,
        "WPC-Z": 85.347466,
        "HFLC%": 3.3,
        "WBC": 5.72,
        "NE-SSC": 148.9,
        "NE-SFL": 64.2,
        "NE-FSC": 84.6,
        "LY-X": 78.5,
        "LY-Y": 62.9,
        "LY-Z": 56.7,
        "MO-X": 118.11,
        "MO-Y": 109.2,
        "MO-Z": 65.1,
        "NE-WX": 369.0,
        "NE-WY": 810.0,
        "NE-WZ": 745.0,
        "LY-WX": 688.0,
        "LY-WY": 1208.0,
        "LY-WZ": 687.0,
        "MO-WX": 296.0,
        "MO-WY": 687.0,
        "MO-WZ": 661.0
    },
    "镜检": 11,
    "label": 2
}