{
    "基础信息": {
        "住院号": 5649077,
        "条码号": 20595599800,
        "序号": 3251
    },
    "图片路径": "../disease_arms/3251.png",
    "临床": {
        "发热": 0,
        "关节及骨骼痛": 0,
        "出血": 0,
        "贫血": 0,
        "器官肿大": 0,
        "中枢神经系统症状": 1,
        "腹痛": 0,
        "咳嗽": 1,
        "皮疹": 0
    },
    "生化": {
        "乳酸脱氢酶LDH": 321.0,
        "铁蛋白Fer": 726.3194580078125
    },
    "血常规报告参数": {
        "性别(男1女2）": 1.0,
        "年龄": 1.9,
        "WBC(109/L)": 8.99,
        "RBC(1012/L)": 4.53,
        "HGB(g/L)": 129.0,
        "HCT(％）": 37.8,
        "MCV(fL)": 83.4,
        "MCH(pg)": 28.5,
        "MCHC(g/L)": 341.0,
        "PLT(109/L)": 349.0,
        "RDW-SD(fL)": 37.9,
        "RDW-CV(％）": 12.6,
        "PDW（fL)": 8.4,
        "MPV(fL)": 8.6,
        "P-LCR(％）": 12.9,
        "PCT(％）": 0.3,
        "NRBC﹟(109/L)": 0.01,
        "NRBC％（/100WBC)": 0.1,
        "NEUT％": 17.5,
        "LYMPH％": 69.6,
        "MONO％": 7.6,
        "EO％": 4.9,
        "BASO％": 0.4,
        "IG﹟(109/L)": 0.02,
        "IG％": 0.2
    },
    "淋巴类别": {
        "Blasts/Abn Ly": 110.0,
        "Atypical": 150.0,
        "Atypical.1": 257.807,
        "Blasts": 8.447489,
        "Abn Ly": 173.05936
    },
    "血常规通道参数": {
        "WNR-X": 161.6,
        "WNR-Y": 104.1,
        "WNR-Z": 83.6,
        "WPC-X": 72.40138,
        "WPC-Y": 170.86313,
        "WPC-Z": 85.347466,
        "HFLC%": 3.2,
        "WBC": 8.99,
        "NE-SSC": 150.4,
        "NE-SFL": 45.2,
        "NE-FSC": 84.5,
        "LY-X": 77.4,
        "LY-Y": 63.0,
        "LY-Z": 58.3,
        "MO-X": 117.6,
        "MO-Y": 109.6,
        "MO-Z": 68.1,
        "NE-WX": 279.0,
        "NE-WY": 531.0,
        "NE-WZ": 710.0,
        "LY-WX": 671.0,
        "LY-WY": 969.0,
        "LY-WZ": 600.0,
        "MO-WX": 229.0,
        "MO-WY": 602.0,
        "MO-WZ": 588.0
    },
    "镜检": 20,
    "label": 2
}