{
    "基础信息": {
        "住院号": 565147,
        "条码号": 20595443900,
        "序号": 3253
    },
    "图片路径": "../disease_arms/3253.png",
    "临床": {
        "发热": 1,
        "关节及骨骼痛": 0,
        "出血": 0,
        "贫血": 0,
        "器官肿大": 0,
        "中枢神经系统症状": 0,
        "腹痛": 0,
        "咳嗽": 0,
        "皮疹": 0
    },
    "生化": {
        "乳酸脱氢酶LDH": 592.0,
        "铁蛋白Fer": 726.3194580078125
    },
    "血常规报告参数": {
        "性别(男1女2）": 1.0,
        "年龄": 0.1,
        "WBC(109/L)": 5.74,
        "RBC(1012/L)": 4.37,
        "HGB(g/L)": 150.0,
        "HCT(％）": 44.8,
        "MCV(fL)": 102.5,
        "MCH(pg)": 34.3,
        "MCHC(g/L)": 335.0,
        "PLT(109/L)": 227.0,
        "RDW-SD(fL)": 58.6,
        "RDW-CV(％）": 15.7,
        "PDW（fL)": 16.9,
        "MPV(fL)": 12.1,
        "P-LCR(％）": 41.9,
        "PCT(％）": 0.27,
        "NRBC﹟(109/L)": 0.03,
        "NRBC％（/100WBC)": 0.5,
        "NEUT％": 41.6,
        "LYMPH％": 47.2,
        "MONO％": 8.2,
        "EO％": 2.3,
        "BASO％": 0.7,
        "IG﹟(109/L)": 0.22,
        "IG％": 3.8
    },
    "淋巴类别": {
        "Blasts/Abn Ly": 150.0,
        "Atypical": 0.0,
        "Atypical.1": 257.807,
        "Blasts": 8.447489,
        "Abn Ly": 173.05936
    },
    "血常规通道参数": {
        "WNR-X": 162.7,
        "WNR-Y": 106.0,
        "WNR-Z": 89.7,
        "WPC-X": 72.40138,
        "WPC-Y": 170.86313,
        "WPC-Z": 85.347466,
        "HFLC%": 0.7,
        "WBC": 5.74,
        "NE-SSC": 151.1,
        "NE-SFL": 46.8,
        "NE-FSC": 90.1,
        "LY-X": 82.8,
        "LY-Y": 62.0,
        "LY-Z": 64.2,
        "MO-X": 120.6,
        "MO-Y": 96.4,
        "MO-Z": 64.4,
        "NE-WX": 318.0,
        "NE-WY": 812.0,
        "NE-WZ": 622.0,
        "LY-WX": 543.0,
        "LY-WY": 999.0,
        "LY-WZ": 561.0,
        "MO-WX": 265.0,
        "MO-WY": 819.0,
        "MO-WZ": 621.0
    },
    "镜检": 11,
    "label": 2
}