{
    "基础信息": {
        "住院号": 565833,
        "条码号": 20602650400,
        "序号": 3262
    },
    "图片路径": "../disease_arms/3262.png",
    "临床": {
        "发热": 1,
        "关节及骨骼痛": 1,
        "出血": 0,
        "贫血": 0,
        "器官肿大": 0,
        "中枢神经系统症状": 0,
        "腹痛": 0,
        "咳嗽": 1,
        "皮疹": 0
    },
    "生化": {
        "乳酸脱氢酶LDH": 603.0,
        "铁蛋白Fer": 726.3194580078125
    },
    "血常规报告参数": {
        "性别(男1女2）": 1.0,
        "年龄": 4.3,
        "WBC(109/L)": 20.31,
        "RBC(1012/L)": 4.64,
        "HGB(g/L)": 123.0,
        "HCT(％）": 37.3,
        "MCV(fL)": 80.4,
        "MCH(pg)": 26.5,
        "MCHC(g/L)": 330.0,
        "PLT(109/L)": 219.0,
        "RDW-SD(fL)": 38.4,
        "RDW-CV(％）": 13.2,
        "PDW（fL)": 11.1,
        "MPV(fL)": 10.2,
        "P-LCR(％）": 25.2,
        "PCT(％）": 0.22,
        "NRBC﹟(109/L)": 0.0,
        "NRBC％（/100WBC)": 0.0,
        "NEUT％": 18.5,
        "LYMPH％": 64.583786,
        "MONO％": 7.2346845,
        "EO％": 0.1,
        "BASO％": 0.3,
        "IG﹟(109/L)": 0.09,
        "IG％": 0.4
    },
    "淋巴类别": {
        "Blasts/Abn Ly": 300.0,
        "Atypical": 300.0,
        "Atypical.1": 257.807,
        "Blasts": 8.447489,
        "Abn Ly": 173.05936
    },
    "血常规通道参数": {
        "WNR-X": 173.4,
        "WNR-Y": 113.0,
        "WNR-Z": 95.0,
        "WPC-X": 72.40138,
        "WPC-Y": 170.86313,
        "WPC-Z": 85.347466,
        "HFLC%": 3.2,
        "WBC": 20.31,
        "NE-SSC": 149.4,
        "NE-SFL": 48.1,
        "NE-FSC": 79.6,
        "LY-X": 85.2,
        "LY-Y": 83.4,
        "LY-Z": 63.6,
        "MO-X": 107.2,
        "MO-Y": 126.7,
        "MO-Z": 71.5,
        "NE-WX": 308.0,
        "NE-WY": 644.0,
        "NE-WZ": 703.0,
        "LY-WX": 470.0,
        "LY-WY": 1103.0,
        "LY-WZ": 676.0,
        "MO-WX": 345.0,
        "MO-WY": 813.0,
        "MO-WZ": 769.0
    },
    "镜检": 25,
    "label": 2
}