{
    "基础信息": {
        "住院号": 567722,
        "条码号": 20616227200,
        "序号": 3276
    },
    "图片路径": "../disease_arms/3276.png",
    "临床": {
        "发热": 1,
        "关节及骨骼痛": 0,
        "出血": 0,
        "贫血": 0,
        "器官肿大": 0,
        "中枢神经系统症状": 0,
        "腹痛": 0,
        "咳嗽": 1,
        "皮疹": 0
    },
    "生化": {
        "乳酸脱氢酶LDH": 516.93505859375,
        "铁蛋白Fer": 540.12
    },
    "血常规报告参数": {
        "性别(男1女2）": 2.0,
        "年龄": 5.3,
        "WBC(109/L)": 3.6,
        "RBC(1012/L)": 3.53,
        "HGB(g/L)": 119.0,
        "HCT(％）": 36.3,
        "MCV(fL)": 102.8,
        "MCH(pg)": 33.7,
        "MCHC(g/L)": 328.0,
        "PLT(109/L)": 39.0,
        "RDW-SD(fL)": 51.8,
        "RDW-CV(％）": 13.7,
        "PDW（fL)": 11.6517105,
        "MPV(fL)": 10.272814,
        "P-LCR(％）": 26.68555,
        "PCT(％）": 0.26870722,
        "NRBC﹟(109/L)": 0.0,
        "NRBC％（/100WBC)": 0.0,
        "NEUT％": 9.7,
        "LYMPH％": 83.9,
        "MONO％": 6.1,
        "EO％": 0.0,
        "BASO％": 0.3,
        "IG﹟(109/L)": 0.01,
        "IG％": 0.3
    },
    "淋巴类别": {
        "Blasts/Abn Ly": 190.0,
        "Atypical": 230.0,
        "Atypical.1": 220.0,
        "Blasts": 0.0,
        "Abn Ly": 180.0
    },
    "血常规通道参数": {
        "WNR-X": 158.5,
        "WNR-Y": 158.4,
        "WNR-Z": 86.5,
        "WPC-X": 69.2,
        "WPC-Y": 166.4,
        "WPC-Z": 90.4,
        "HFLC%": 2.8,
        "WBC": 3.6,
        "NE-SSC": 157.6,
        "NE-SFL": 60.1,
        "NE-FSC": 90.4,
        "LY-X": 73.6,
        "LY-Y": 64.5,
        "LY-Z": 60.4,
        "MO-X": 124.3,
        "MO-Y": 120.4,
        "MO-Z": 64.8,
        "NE-WX": 336.0,
        "NE-WY": 516.0,
        "NE-WZ": 542.0,
        "LY-WX": 991.0,
        "LY-WY": 1085.0,
        "LY-WZ": 613.0,
        "MO-WX": 266.0,
        "MO-WY": 606.0,
        "MO-WZ": 632.0
    },
    "镜检": 11,
    "label": 2
}