{
    "基础信息": {
        "住院号": 567722,
        "条码号": 20617097600,
        "序号": 3277
    },
    "图片路径": "../disease_arms/3277.png",
    "临床": {
        "发热": 1,
        "关节及骨骼痛": 0,
        "出血": 0,
        "贫血": 0,
        "器官肿大": 0,
        "中枢神经系统症状": 0,
        "腹痛": 0,
        "咳嗽": 1,
        "皮疹": 0
    },
    "生化": {
        "乳酸脱氢酶LDH": 516.93505859375,
        "铁蛋白Fer": 540.12
    },
    "血常规报告参数": {
        "性别(男1女2）": 2.0,
        "年龄": 5.3,
        "WBC(109/L)": 2.56,
        "RBC(1012/L)": 3.04,
        "HGB(g/L)": 104.0,
        "HCT(％）": 30.1,
        "MCV(fL)": 99.0,
        "MCH(pg)": 34.2,
        "MCHC(g/L)": 346.0,
        "PLT(109/L)": 42.0,
        "RDW-SD(fL)": 48.3,
        "RDW-CV(％）": 13.5,
        "PDW（fL)": 11.6517105,
        "MPV(fL)": 10.272814,
        "P-LCR(％）": 26.68555,
        "PCT(％）": 0.26870722,
        "NRBC﹟(109/L)": 0.01,
        "NRBC％（/100WBC)": 0.4,
        "NEUT％": 10.9,
        "LYMPH％": 82.0,
        "MONO％": 6.3,
        "EO％": 0.4,
        "BASO％": 0.4,
        "IG﹟(109/L)": 0.01,
        "IG％": 0.4
    },
    "淋巴类别": {
        "Blasts/Abn Ly": 270.0,
        "Atypical": 300.0,
        "Atypical.1": 300.0,
        "Blasts": 0.0,
        "Abn Ly": 270.0
    },
    "血常规通道参数": {
        "WNR-X": 163.1,
        "WNR-Y": 107.2,
        "WNR-Z": 88.4,
        "WPC-X": 71.6,
        "WPC-Y": 168.3,
        "WPC-Z": 88.9,
        "HFLC%": 4.1,
        "WBC": 2.45,
        "NE-SSC": 148.5,
        "NE-SFL": 56.7,
        "NE-FSC": 87.0,
        "LY-X": 75.1,
        "LY-Y": 65.8,
        "LY-Z": 59.9,
        "MO-X": 124.2,
        "MO-Y": 116.4,
        "MO-Z": 67.0,
        "NE-WX": 263.0,
        "NE-WY": 617.0,
        "NE-WZ": 517.0,
        "LY-WX": 919.0,
        "LY-WY": 1338.0,
        "LY-WZ": 651.0,
        "MO-WX": 274.0,
        "MO-WY": 584.0,
        "MO-WZ": 552.0
    },
    "镜检": 10,
    "label": 2
}